Id,List_Name,API_link,pro_Url,List_Price,List_image,Brand,Name,longDescription,subTitle,shortDiscription,SKU,Usage,keys_feature,Pro_Details
https://kyliecosmetics.com/en-us/kylie-cosmetics/shop-all,wizard-of-oz-four-piece-bundle,Wizard of Oz 4-piece bundle,https://kyliecosmetics.com/en-eu/kylie-cosmetics/products/wizard-of-oz-four-piece-bundle/jcr:content.variantdata.json,https://kyliecosmetics.com/en-eu/kylie-cosmetics/products/wizard-of-oz-four-piece-bundle,145.99,https://coty.scene7.com/is/image/cotyemea/KJC_HOLIDAY_WOZ_22_Bundle_No Lip Tint?$SQUARE-575x575-2X$,kylie-cosmetics
https://kyliecosmetics.com/en-us/kylie-cosmetics/shop-all,wizard-of-oz-collection-eye-face-pressed-powder-palette-kc577,KYLIE WIZARD OF OZ EYE & FACE PRESSED POWDER PALETTE,https://kyliecosmetics.com/en-eu/kylie-cosmetics/products/wizard-of-oz-collection-eye-face-pressed-powder-palette-kc577/jcr:content.variantdata.json,https://kyliecosmetics.com/en-eu/kylie-cosmetics/products/wizard-of-oz-collection-eye-face-pressed-powder-palette-kc577,49.99,https://coty.scene7.com/is/image/cotyemea/KJC_HOLIDAY_WOZ_22_Pressed_Powder_Palette_ProductandPack?$SQUARE-575x575-2X$,kylie-cosmetics
https://kyliecosmetics.com/en-us/kylie-cosmetics/shop-all,wizard-of-oz-collection-matte-lip-paint-set-kc578,KYLIE WIZARD OF OZ MATTE LIP PAINT SET,https://kyliecosmetics.com/en-eu/kylie-cosmetics/products/wizard-of-oz-collection-matte-lip-paint-set-kc578/jcr:content.variantdata.json,https://kyliecosmetics.com/en-eu/kylie-cosmetics/products/wizard-of-oz-collection-matte-lip-paint-set-kc578,35.99,https://coty.scene7.com/is/image/cotyemea/KJC_HOLIDAY_WOZ_22_Matte_Lip_Paint_Set_ProductandPack_V2?$SQUARE-575x575-2X$,kylie-cosmetics
https://kyliecosmetics.com/en-us/kylie-cosmetics/shop-all,wizard-of-oz-collection-metallic-lipstick-kc572,KYLIE WIZARD OF OZ METALLIC LIPSTICK,https://kyliecosmetics.com/en-eu/kylie-cosmetics/products/wizard-of-oz-collection-metallic-lipstick-kc572/jcr:content.variantdata.json,https://kyliecosmetics.com/en-eu/kylie-cosmetics/products/wizard-of-oz-collection-metallic-lipstick-kc572,19.99,https://coty.scene7.com/is/image/cotyemea/KJC_HOLIDAY_WOZ_22_Metallic_Lipstick_ProductandPack?$SQUARE-575x575-2X$,kylie-cosmetics
https://kyliecosmetics.com/en-us/kylie-cosmetics/shop-all,wizard-of-oz-collection-brush-set-kc579,KYLIE WIZARD OF OZ BRUSH SET,https://kyliecosmetics.com/en-eu/kylie-cosmetics/products/wizard-of-oz-collection-brush-set-kc579/jcr:content.variantdata.json,https://kyliecosmetics.com/en-eu/kylie-cosmetics/products/wizard-of-oz-collection-brush-set-kc579,57.99,https://coty.scene7.com/is/image/cotyemea/KJC_HOLIDAY_WOZ_22_Brush_Set_ProductandPack?$SQUARE-575x575-2X$,kylie-cosmetics
https://kyliecosmetics.com/en-us/kylie-cosmetics/shop-all,batman-collection-lip-set-kc573,BATMAN LIP SET,https://kyliecosmetics.com/en-eu/kylie-cosmetics/products/batman-collection-lip-set/jcr:content.variantdata.json,https://kyliecosmetics.com/en-eu/kylie-cosmetics/products/batman-collection-lip-set,38.99,https://coty.scene7.com/is/image/cotyemea/KJC_HALLOWEEN_22_Lip_Set_ProductandPack_V2?$SQUARE-575x575-2X$,kylie-cosmetics
https://kyliecosmetics.com/en-us/kylie-cosmetics/shop-all,batman-collection-pressed-powder-palette-kc574,BATMAN PRESSED POWDER PALETTE,https://kyliecosmetics.com/en-eu/kylie-cosmetics/products/batman-collection-pressed-powder-palette-kc574/jcr:content.variantdata.json,https://kyliecosmetics.com/en-eu/kylie-cosmetics/products/batman-collection-pressed-powder-palette-kc574,50.99,https://coty.scene7.com/is/image/cotyemea/KJC_HALLOWEEN_22_Pressed_Powder_Palette_ProductandPack?$SQUARE-575x575-2X$,kylie-cosmetics
https://kyliecosmetics.com/en-us/kylie-cosmetics/shop-all,batman-collection-mini-eyeliner-set-kc575,BATMAN MINI EYELINER SET,https://kyliecosmetics.com/en-eu/kylie-cosmetics/products/batman-collection-mini-eyeliner-set-kc575/jcr:content.variantdata.json,https://kyliecosmetics.com/en-eu/kylie-cosmetics/products/batman-collection-mini-eyeliner-set-kc575,29.99,https://coty.scene7.com/is/image/cotyemea/KJC_HALLOWEEN_22_Mini_Eyeliner_Set_ProductandPack?$SQUARE-575x575-2X$,kylie-cosmetics
https://kyliecosmetics.com/en-us/kylie-cosmetics/shop-all,batman-collection-highlighter-kc576,BATMAN HIGHLIGHTER,https://kyliecosmetics.com/en-eu/kylie-cosmetics/products/batman-collection-highlighter-kc576/jcr:content.variantdata.json,https://kyliecosmetics.com/en-eu/kylie-cosmetics/products/batman-collection-highlighter-kc576,27.99,https://coty.scene7.com/is/image/cotyemea/KJC_HALLOWEEN_22_Pressed_Highlighter_ProductandPack_V3?$SQUARE-575x575-2X$,kylie-cosmetics
https://kyliecosmetics.com/en-us/kylie-cosmetics/shop-all,batman-collection-makeup-pouch-ks461,KYLIE BATMAN HALLOWEEN MAKEUP POUCH,https://kyliecosmetics.com/en-eu/kylie-cosmetics/products/batman-collection-makeup-pouch-ks461/jcr:content.variantdata.json,https://kyliecosmetics.com/en-eu/kylie-cosmetics/products/batman-collection-makeup-pouch-ks461,23.99,https://coty.scene7.com/is/image/cotyemea/KJC_HALLOWEEN_22_Makeup_Pouch_Side?$SQUARE-575x575-2X$,kylie-cosmetics
https://kyliecosmetics.com/en-us/kylie-cosmetics/shop-all,batman-collection-bundle,Batman Bundle,https://kyliecosmetics.com/en-eu/kylie-cosmetics/products/batman-collection-bundle/jcr:content.variantdata.json,https://kyliecosmetics.com/en-eu/kylie-cosmetics/products/batman-collection-bundle,154.99,https://coty.scene7.com/is/image/cotyemea/KJC_HALLOWEEN_BATMAN_22_CP_Collection_03_WS?$SQUARE-575x575-2X$,kylie-cosmetics
https://kyliecosmetics.com/en-us/kylie-cosmetics/shop-all,kris-collection-es-pressed-powder-palette-kc598,Kris Collection Pressed Powder Palette,https://kyliecosmetics.com/en-eu/kylie-cosmetics/products/kris-collection-es-pressed-powder-palette-kc598/jcr:content.variantdata.json,https://kyliecosmetics.com/en-eu/kylie-cosmetics/products/kris-collection-es-pressed-powder-palette-kc598,33.99,https://coty.scene7.com/is/image/cotyemea/KJC_KRIS_22_PRESSED_POWDER_PALETTE_ProductandPack?$SQUARE-575x575-2X$,kylie-cosmetics
https://kyliecosmetics.com/en-us/kylie-cosmetics/shop-all,kris-collection-lip-crayon-kc600,Kris Collection Lip Crayon Set,https://kyliecosmetics.com/en-eu/kylie-cosmetics/products/kris-collection-lip-crayon/jcr:content.variantdata.json,https://kyliecosmetics.com/en-eu/kylie-cosmetics/products/kris-collection-lip-crayon,35.99,https://coty.scene7.com/is/image/cotyemea/KJC_KRIS_22_LIP_CRAYON_SET_ProductandPack_V2?$SQUARE-575x575-2X$,kylie-cosmetics
https://kyliecosmetics.com/en-us/kylie-cosmetics/shop-all,kris-collection-blush-highlighter-duo-kc599,Kris Collection Powder Blush & Highlighter Cheek Duo,https://kyliecosmetics.com/en-eu/kylie-cosmetics/products/kris-collection-blush-highlighter-duo-kc599/jcr:content.variantdata.json,https://kyliecosmetics.com/en-eu/kylie-cosmetics/products/kris-collection-blush-highlighter-duo-kc599,32.99,https://coty.scene7.com/is/image/cotyemea/KJC_KRIS_22_POWDER_BLUSH_HIGHLIGHTER_CHEEK_DUO_ProductandPack_V2?$SQUARE-575x575-2X$,kylie-cosmetics
https://kyliecosmetics.com/en-us/kylie-cosmetics/shop-all,lip-blush-kit-kc550,Category Is Lips Lip Blush Kit,https://kyliecosmetics.com/en-eu/kylie-cosmetics/products/lip-blush-kit-kc550/jcr:content.variantdata.json,https://kyliecosmetics.com/en-eu/kylie-cosmetics/products/lip-blush-kit-kc550,31.99,https://coty.scene7.com/is/image/cotyemea/KJC_LBLK_22_Lip Close Ups_Category Is Lips_02?$SQUARE-575x575-2X$,kylie-cosmetics
https://kyliecosmetics.com/en-us/kylie-cosmetics/shop-all,lip-blush-kit-kc553,Booked and Busy Lip Blush Kit,https://kyliecosmetics.com/en-eu/kylie-cosmetics/products/lip-blush-kit-kc553/jcr:content.variantdata.json,https://kyliecosmetics.com/en-eu/kylie-cosmetics/products/lip-blush-kit-kc553,31.99,https://coty.scene7.com/is/image/cotyemea/KJC_LBLK_22_Lip Close Ups_Booked And Busy_02?$SQUARE-575x575-2X$,kylie-cosmetics
https://kyliecosmetics.com/en-us/kylie-cosmetics/shop-all,lip-blush-kit-kc552,Can't Talk RN Lip Blush Kit,https://kyliecosmetics.com/en-eu/kylie-cosmetics/products/lip-blush-kit-kc552/jcr:content.variantdata.json,https://kyliecosmetics.com/en-eu/kylie-cosmetics/products/lip-blush-kit-kc552,31.99,https://coty.scene7.com/is/image/cotyemea/KJC_LBLK_22_Lip Close Ups_Can_t Talk RN_02?$SQUARE-575x575-2X$,kylie-cosmetics
https://kyliecosmetics.com/en-us/kylie-cosmetics/shop-all,birthday-lip-crayon-set-kc603,Birthday Lip Crayon Set,https://kyliecosmetics.com/en-eu/kylie-cosmetics/products/birthday-lip-crayon-set/jcr:content.variantdata.json,https://kyliecosmetics.com/en-eu/kylie-cosmetics/products/birthday-lip-crayon-set,27.99,https://coty.scene7.com/is/image/cotyemea/KJC_BDAY_22_LIP_CRAYON_SET_Open_02?$SQUARE-575x575-2X$,kylie-cosmetics
https://kyliecosmetics.com/en-us/kylie-cosmetics/shop-all,birthday-lip-crayon-set-kc603,Birthday Lip Crayon Set,https://kyliecosmetics.com/en-eu/kylie-cosmetics/products/birthday-lip-crayon-set/jcr:content.variantdata.json,https://kyliecosmetics.com/en-eu/kylie-cosmetics/products/birthday-lip-crayon-set,27.99,https://coty.scene7.com/is/image/cotyemea/KJC_BDAY_22_LIP_CRAYON_SET_Open_02?$SQUARE-575x575-2X$,kylie-cosmetics
https://kyliecosmetics.com/en-us/kylie-cosmetics/shop-all,matte-liquid-lipstick-kc565,A MOMENT MATTE LIQUID LIPSTICK,https://kyliecosmetics.com/en-eu/kylie-cosmetics/products/matte-liquid-lipstick-kc565/jcr:content.variantdata.json,https://kyliecosmetics.com/en-eu/kylie-cosmetics/products/matte-liquid-lipstick-kc565,20.99,https://coty.scene7.com/is/image/cotyemea/KJC_MLL_22_Lip Close Ups_A Moment_02?$SQUARE-575x575-2X$,kylie-cosmetics
https://kyliecosmetics.com/en-us/kylie-cosmetics/shop-all,matte-liquid-lipstick-kc567,ALMOST READY MATTE LIQUID LIPSTICK,https://kyliecosmetics.com/en-eu/kylie-cosmetics/products/matte-liquid-lipstick-kc567/jcr:content.variantdata.json,https://kyliecosmetics.com/en-eu/kylie-cosmetics/products/matte-liquid-lipstick-kc567,20.99,https://coty.scene7.com/is/image/cotyemea/KJC_MLL_22_Lip Close Ups_Almost Ready_02?$SQUARE-575x575-2X$,kylie-cosmetics
https://kyliecosmetics.com/en-us/kylie-cosmetics/shop-all,matte-liquid-lipstick-kc568,NOT IN THE MOOD MATTE LIQUID LIPSTICK,https://kyliecosmetics.com/en-eu/kylie-cosmetics/products/matte-liquid-lipstick-kc568/jcr:content.variantdata.json,https://kyliecosmetics.com/en-eu/kylie-cosmetics/products/matte-liquid-lipstick-kc568,20.99,https://coty.scene7.com/is/image/cotyemea/KJC_MLL_22_Lip Close Ups_Not In The Mood_02-1?$SQUARE-575x575-2X$,kylie-cosmetics
https://kyliecosmetics.com/en-us/kylie-cosmetics/shop-all,matte-liquid-lipstick-kc566,ON BRAND MATTE LIQUID LIPSTICK,https://kyliecosmetics.com/en-eu/kylie-cosmetics/products/matte-liquid-lipstick-kc566/jcr:content.variantdata.json,https://kyliecosmetics.com/en-eu/kylie-cosmetics/products/matte-liquid-lipstick-kc566,20.99,https://coty.scene7.com/is/image/cotyemea/KJC_MLL_22_Lip Close Ups_On Brand_02?$SQUARE-575x575-2X$,kylie-cosmetics
https://kyliecosmetics.com/en-us/kylie-cosmetics/shop-all,matte-liquid-lipstick-kc569,CLAP BACK MATTE LIQUID LIPSTICK,https://kyliecosmetics.com/en-eu/kylie-cosmetics/products/matte-liquid-lipstick-kc569/jcr:content.variantdata.json,https://kyliecosmetics.com/en-eu/kylie-cosmetics/products/matte-liquid-lipstick-kc569,19.99,https://coty.scene7.com/is/image/cotyemea/KJC_MLL_22_Lip Close Ups_Clap Back_02?$SQUARE-575x575-2X$,kylie-cosmetics
https://kyliecosmetics.com/en-us/kylie-cosmetics/shop-all,matte-liquid-lipstick-kc570,"ANOTHER DAY, ANOTHER NUDE MATTE LIQUID LIPSTICK",https://kyliecosmetics.com/en-eu/kylie-cosmetics/products/matte-liquid-lipstick-kc570/jcr:content.variantdata.json,https://kyliecosmetics.com/en-eu/kylie-cosmetics/products/matte-liquid-lipstick-kc570,20.99,https://coty.scene7.com/is/image/cotyemea/KJC_MLL_22_Lip Close Ups_Another Day Another Nude_02?$SQUARE-575x575$,kylie-cosmetics
https://kyliecosmetics.com/en-us/kylie-cosmetics/shop-all,lip-and-cheek-glow-balm-kc545,Off The Clock Lip & Cheek Glow Balm,https://kyliecosmetics.com/en-eu/kylie-cosmetics/products/lip-and-cheek-glow-balm-kc545/jcr:content.variantdata.json,https://kyliecosmetics.com/en-eu/kylie-cosmetics/products/lip-and-cheek-glow-balm-kc545,18.99,https://coty.scene7.com/is/image/cotyemea/KJC_SUMMER_22_Lip_Cheek_Glow_Balm_Off_The_Clock_Open?$SQUARE-575x575-2X$,kylie-cosmetics
https://kyliecosmetics.com/en-us/kylie-cosmetics/shop-all,stassie-kylie-collection-bundle,STASSIE X KYLIE COLLECTION BUNDLE,https://kyliecosmetics.com/en-eu/kylie-cosmetics/products/stassie-kylie-collection-bundle/jcr:content.variantdata.json,https://kyliecosmetics.com/en-eu/kylie-cosmetics/products/stassie-kylie-collection-bundle,162.82,https://coty.scene7.com/is/image/cotyemea/KJC_STASSKYL_22_CP_Full Collection_01_SS_EU?$SQUARE-575x575-2X$,kylie-cosmetics
https://kyliecosmetics.com/en-us/kylie-cosmetics/shop-all,stassie-collection-pressed-powder-palette-kc488,STASSIE x KYLIE PRESSED POWDER PALETTE,https://kyliecosmetics.com/en-eu/kylie-cosmetics/products/stassie-collection-pressed-powder-palette-kc488/jcr:content.variantdata.json,https://kyliecosmetics.com/en-eu/kylie-cosmetics/products/stassie-collection-pressed-powder-palette-kc488,34.99,https://coty.scene7.com/is/image/cotyemea/KJC_STASSKYL_22_ES_Palette_Plus_Pack?$SQUARE-575x575-2X$,kylie-cosmetics
https://kyliecosmetics.com/en-us/kylie-cosmetics/shop-all,stassie-collection-matte-lip-kit-kc490,STASSIE x KYLIE MATTE LIP KIT,https://kyliecosmetics.com/en-eu/kylie-cosmetics/products/stassie-collection-matte-lip-kit-kc490/jcr:content.variantdata.json,https://kyliecosmetics.com/en-eu/kylie-cosmetics/products/stassie-collection-matte-lip-kit-kc490,31.99,https://coty.scene7.com/is/image/cotyemea/KJC_STASSKYL_22_MLK_0.10oz_0.04oz_Plus_Pack?$SQUARE-575x575-2X$,kylie-cosmetics
https://kyliecosmetics.com/en-us/kylie-cosmetics/shop-all,stassie-collection-liquid-eyeliner-pen-4-ever-ting-kc492,STASSIE x KYLIE LIQUID EYELINER PEN 4 EVER TING,https://kyliecosmetics.com/en-eu/kylie-cosmetics/products/stassie-collection-liquid-eyeliner-pen-4-ever-ting-kc492/jcr:content.variantdata.json,https://kyliecosmetics.com/en-eu/kylie-cosmetics/products/stassie-collection-liquid-eyeliner-pen-4-ever-ting-kc492,13.99,https://coty.scene7.com/is/image/cotyemea/KJC_STASSKYL_22_Eye_Liner_4EverTing_0.05oz_Plus_Pack?$SQUARE-575x575-2X$,kylie-cosmetics
https://kyliecosmetics.com/en-us/kylie-cosmetics/shop-all,stassie-collection-kylighter-illuminating-powder-kc493,STASSIE x KYLIE KYLIGHTER ILLUMINATING POWDER,https://kyliecosmetics.com/en-eu/kylie-cosmetics/products/stassie-collection-kylighter-illuminating-powder-kc493/jcr:content.variantdata.json,https://kyliecosmetics.com/en-eu/kylie-cosmetics/products/stassie-collection-kylighter-illuminating-powder-kc493,18.99,https://coty.scene7.com/is/image/cotyemea/KJC_STASSKYL_22_Highlighter_Open_0.28oz?$SQUARE-575x575-2X$,kylie-cosmetics
https://kyliecosmetics.com/en-us/kylie-cosmetics/shop-all,stassie-collection-high-gloss-duo-kc489,STASSIE x KYLIE HIGH GLOSS DUO,https://kyliecosmetics.com/en-eu/kylie-cosmetics/products/stassie-collection-high-gloss-duo-kc489/jcr:content.variantdata.json,https://kyliecosmetics.com/en-eu/kylie-cosmetics/products/stassie-collection-high-gloss-duo-kc489,32.99,https://coty.scene7.com/is/image/cotyemea/KJC_STASSKYL_22_Lip_Gloss_Duo_2x0.11oz_Plus_Pack?$SQUARE-575x575-2X$,kylie-cosmetics
https://kyliecosmetics.com/en-us/kylie-cosmetics/shop-all,matte-lip-kit-kc101,Dirty Peach Matte Lip Kit,https://kyliecosmetics.com/en-eu/kylie-cosmetics/products/matte-lip-kit-kc101/jcr:content.variantdata.json,https://kyliecosmetics.com/en-eu/kylie-cosmetics/products/matte-lip-kit-kc101,31.99,https://coty.scene7.com/is/image/cotyemea/05-17-2021 Kylie Cosmetics6862dirty peach- medium-1?$SQUARE-575x575-2X$,kylie-cosmetics
https://kyliecosmetics.com/en-us/kylie-cosmetics/shop-all,matte-lip-kit-kc102,Kylie Matte Lip Kit,https://kyliecosmetics.com/en-eu/kylie-cosmetics/products/matte-lip-kit-kc102/jcr:content.variantdata.json,https://kyliecosmetics.com/en-eu/kylie-cosmetics/products/matte-lip-kit-kc102,31.99,https://coty.scene7.com/is/image/cotyemea/05-21-2021 Kylie Cosmetics3707kylie- medium 12.57.12 PM?$SQUARE-575x575-2X$,kylie-cosmetics
https://kyliecosmetics.com/en-us/kylie-cosmetics/shop-all,matte-lip-kit-kc103,One Wish Matte Lip Kit,https://kyliecosmetics.com/en-eu/kylie-cosmetics/products/matte-lip-kit-kc103/jcr:content.variantdata.json,https://kyliecosmetics.com/en-eu/kylie-cosmetics/products/matte-lip-kit-kc103,31.99,https://coty.scene7.com/is/image/cotyemea/05-17-2021 Kylie Cosmetics1744one wish- medium 12.57.13 PM-1?$SQUARE-575x575-2X$,kylie-cosmetics
https://kyliecosmetics.com/en-us/kylie-cosmetics/shop-all,matte-lip-kit-kc104,Candy K Matte Lip Kit,https://kyliecosmetics.com/en-eu/kylie-cosmetics/products/matte-lip-kit-kc104/jcr:content.variantdata.json,https://kyliecosmetics.com/en-eu/kylie-cosmetics/products/matte-lip-kit-kc104,31.99,https://coty.scene7.com/is/image/cotyemea/05-21-2021 Kylie Cosmetics 238candy k- medium-1?$SQUARE-575x575-2X$,kylie-cosmetics
https://kyliecosmetics.com/en-us/kylie-cosmetics/shop-all,matte-lip-kit-kc105,Queen Matte Lip Kit,https://kyliecosmetics.com/en-eu/kylie-cosmetics/products/matte-lip-kit-kc105/jcr:content.variantdata.json,https://kyliecosmetics.com/en-eu/kylie-cosmetics/products/matte-lip-kit-kc105,31.99,https://coty.scene7.com/is/image/cotyemea/05-17-2021 Kylie Cosmetics6999queen - medium 12.57.13 PM-1?$SQUARE-575x575-2X$,kylie-cosmetics
https://kyliecosmetics.com/en-us/kylie-cosmetics/shop-all,matte-lip-kit-kc107,Twenty Matte Lip Kit,https://kyliecosmetics.com/en-eu/kylie-cosmetics/products/matte-lip-kit-kc107/jcr:content.variantdata.json,https://kyliecosmetics.com/en-eu/kylie-cosmetics/products/matte-lip-kit-kc107,31.99,https://coty.scene7.com/is/image/cotyemea/05-21-2021 Kylie Cosmetics 241twenty- medium-1?$SQUARE-575x575-2X$,kylie-cosmetics
https://kyliecosmetics.com/en-us/kylie-cosmetics/shop-all,matte-lip-kit-kc109,Ginger Matte Lip Kit,https://kyliecosmetics.com/en-eu/kylie-cosmetics/products/matte-lip-kit-kc109/jcr:content.variantdata.json,https://kyliecosmetics.com/en-eu/kylie-cosmetics/products/matte-lip-kit-kc109,31.99,https://coty.scene7.com/is/image/cotyemea/05-21-2021 Kylie Cosmetics4045ginger- medium 12.57.12 PM-1?$SQUARE-575x575-2X$75-2X$,kylie-cosmetics
https://kyliecosmetics.com/en-us/kylie-cosmetics/shop-all,matte-lip-kit-kc110,Hollyberry Matte Lip Kit,https://kyliecosmetics.com/en-eu/kylie-cosmetics/products/matte-lip-kit-kc110/jcr:content.variantdata.json,https://kyliecosmetics.com/en-eu/kylie-cosmetics/products/matte-lip-kit-kc110,31.99,https://coty.scene7.com/is/image/cotyemea/05-21-2021 Kylie Cosmetics4260hollyberry- medium?$SQUARE-575x575-2X$RE-575x575-2X$,kylie-cosmetics
https://kyliecosmetics.com/en-us/kylie-cosmetics/shop-all,matte-lip-kit-kc112,Autumn Matte Lip Kit,https://kyliecosmetics.com/en-eu/kylie-cosmetics/products/matte-lip-kit-kc112/jcr:content.variantdata.json,https://kyliecosmetics.com/en-eu/kylie-cosmetics/products/matte-lip-kit-kc112,31.99,https://coty.scene7.com/is/image/cotyemea/05-17-2021 Kylie Cosmetics6997autum - medium 12.57.13 PM-1?$SQUARE-575x575-2X$,kylie-cosmetics
https://kyliecosmetics.com/en-us/kylie-cosmetics/shop-all,matte-lip-kit-kc113,22 Matte Lip Kit,https://kyliecosmetics.com/en-eu/kylie-cosmetics/products/matte-lip-kit-kc113/jcr:content.variantdata.json,https://kyliecosmetics.com/en-eu/kylie-cosmetics/products/matte-lip-kit-kc113,31.99,https://coty.scene7.com/is/image/cotyemea/05-17-2021 Kylie Cosmetics7000 - 22 - medium 12.57.13 PM?$SQUARE-575x575-2X$,kylie-cosmetics
https://kyliecosmetics.com/en-us/kylie-cosmetics/shop-all,matte-lip-kit-kc115,Bad Lil Thing Matte Lip Kit,https://kyliecosmetics.com/en-eu/kylie-cosmetics/products/matte-lip-kit-kc115/jcr:content.variantdata.json,https://kyliecosmetics.com/en-eu/kylie-cosmetics/products/matte-lip-kit-kc115,31.99,https://coty.scene7.com/is/image/cotyemea/05-17-2021 Kylie Cosmetics2037bad lil thing- medium?$SQUARE-575x575-2X$,kylie-cosmetics
https://kyliecosmetics.com/en-us/kylie-cosmetics/shop-all,matte-lip-kit-kc116,Bite Me Matte Lip Kit,https://kyliecosmetics.com/en-eu/kylie-cosmetics/products/matte-lip-kit-kc116/jcr:content.variantdata.json,https://kyliecosmetics.com/en-eu/kylie-cosmetics/products/matte-lip-kit-kc116,31.99,https://coty.scene7.com/is/image/cotyemea/05-21-2021 Kylie Cosmetics 1065bite me- medium 12.57.12 PM?$SQUARE-575x575-2X$,kylie-cosmetics
https://kyliecosmetics.com/en-us/kylie-cosmetics/shop-all,matte-lip-kit-kc117,Mary Jo K Matte Lip Kit,https://kyliecosmetics.com/en-eu/kylie-cosmetics/products/matte-lip-kit-kc117/jcr:content.variantdata.json,https://kyliecosmetics.com/en-eu/kylie-cosmetics/products/matte-lip-kit-kc117,31.99,https://coty.scene7.com/is/image/cotyemea/05-21-2021 Kylie Cosmetics 1034mary jo k- medium 12.57.12 PM-1?$SQUARE-575x575-2X$,kylie-cosmetics
https://kyliecosmetics.com/en-us/kylie-cosmetics/shop-all,matte-lip-kit-kc118,Victoria Matte Lip Kit,https://kyliecosmetics.com/en-eu/kylie-cosmetics/products/matte-lip-kit-kc118/jcr:content.variantdata.json,https://kyliecosmetics.com/en-eu/kylie-cosmetics/products/matte-lip-kit-kc118,31.99,https://coty.scene7.com/is/image/cotyemea/05-17-2021 Kylie Cosmetics2070victoria- medium?$SQUARE-575x575-2X$,kylie-cosmetics
https://kyliecosmetics.com/en-us/kylie-cosmetics/shop-all,matte-lip-kit-kc119,Boss Matte Lip Kit,https://kyliecosmetics.com/en-eu/kylie-cosmetics/products/matte-lip-kit-kc119/jcr:content.variantdata.json,https://kyliecosmetics.com/en-eu/kylie-cosmetics/products/matte-lip-kit-kc119,31.99,https://coty.scene7.com/is/image/cotyemea/05-21-2021 Kylie Cosmetics4452boss- medium?$SQUARE-575x575-2X$,kylie-cosmetics
https://kyliecosmetics.com/en-us/kylie-cosmetics/shop-all,matte-lip-kit-kc120,Angel Matte Lip Kit,https://kyliecosmetics.com/en-eu/kylie-cosmetics/products/matte-lip-kit-kc120/jcr:content.variantdata.json,https://kyliecosmetics.com/en-eu/kylie-cosmetics/products/matte-lip-kit-kc120,31.99,https://coty.scene7.com/is/image/cotyemea/05-21-2021 Kylie Cosmetics 232angel- medium-1?$SQUARE-575x575$,kylie-cosmetics
https://kyliecosmetics.com/en-us/kylie-cosmetics/shop-all,matte-lip-kit-kc122,Valentine Matte Lip Kit,https://kyliecosmetics.com/en-eu/kylie-cosmetics/products/matte-lip-kit-kc122/jcr:content.variantdata.json,https://kyliecosmetics.com/en-eu/kylie-cosmetics/products/matte-lip-kit-kc122,31.99,https://coty.scene7.com/is/image/cotyemea/05-17-2021 Kylie Cosmetics7352valentine - medium?$SQUARE-575x575-2X$,kylie-cosmetics
https://kyliecosmetics.com/en-us/kylie-cosmetics/shop-all,matte-lip-kit-kc123,Koko K Matte Lip Kit,https://kyliecosmetics.com/en-eu/kylie-cosmetics/products/matte-lip-kit-kc123/jcr:content.variantdata.json,https://kyliecosmetics.com/en-eu/kylie-cosmetics/products/matte-lip-kit-kc123,31.99,https://coty.scene7.com/is/image/cotyemea/05-21-2021 Kylie Cosmetics 233koko k- medium-1?$SQUARE-575x575-2X$,kylie-cosmetics
https://kyliecosmetics.com/en-us/kylie-cosmetics/shop-all,matte-lip-kit-kc124,Tipsy Matte Lip Kit,https://kyliecosmetics.com/en-eu/kylie-cosmetics/products/matte-lip-kit/jcr:content.variantdata.json,https://kyliecosmetics.com/en-eu/kylie-cosmetics/products/matte-lip-kit,31.99,https://coty.scene7.com/is/image/cotyemea/05-17-2021 Kylie Cosmetics7105tipsy- medium 12.57.13 PM?$SQUARE-575x575-2X$,kylie-cosmetics
https://kyliecosmetics.com/en-us/kylie-cosmetics/shop-all,matte-lip-kit-kc125,Show Off Matte Lip Kit,https://kyliecosmetics.com/en-eu/kylie-cosmetics/products/matte-lip-kit-kc125/jcr:content.variantdata.json,https://kyliecosmetics.com/en-eu/kylie-cosmetics/products/matte-lip-kit-kc125,31.99,https://coty.scene7.com/is/image/cotyemea/05-17-2021 Kylie Cosmetics7041Show Off- medium?$SQUARE-575x575-2X$,kylie-cosmetics
https://kyliecosmetics.com/en-us/kylie-cosmetics/shop-all,matte-lip-kit-kc126,No Sleep Matte Lip Kit,https://kyliecosmetics.com/en-eu/kylie-cosmetics/products/matte-lip-kit-kc126/jcr:content.variantdata.json,https://kyliecosmetics.com/en-eu/kylie-cosmetics/products/matte-lip-kit-kc126,31.99,https://coty.scene7.com/is/image/cotyemea/05-17-2021 Kylie Cosmetics7193no sleep - medium 12.57.13 PM?$SQUARE-575x575-2X$,kylie-cosmetics
https://kyliecosmetics.com/en-us/kylie-cosmetics/shop-all,matte-lip-kit-kc127,Baddie Matte Lip Kit,https://kyliecosmetics.com/en-eu/kylie-cosmetics/products/matte-lip-kit-kc127/jcr:content.variantdata.json,https://kyliecosmetics.com/en-eu/kylie-cosmetics/products/matte-lip-kit-kc127,31.99,https://coty.scene7.com/is/image/cotyemea/05-17-2021 Kylie Cosmetics2037baddie- medium?$SQUARE-575x575-2X$,kylie-cosmetics
https://kyliecosmetics.com/en-us/kylie-cosmetics/shop-all,matte-lip-kit-kc129,Head Over Heels Matte Lip Kit,https://kyliecosmetics.com/en-eu/kylie-cosmetics/products/matte-lip-kit-kc129/jcr:content.variantdata.json,https://kyliecosmetics.com/en-eu/kylie-cosmetics/products/matte-lip-kit-kc129,31.99,https://coty.scene7.com/is/image/cotyemea/05-17-2021 Kylie Cosmetics7114head over heels- medium 12.57.13 PM?$SQUARE-575x575-2X$,kylie-cosmetics
https://kyliecosmetics.com/en-us/kylie-cosmetics/shop-all,matte-lip-kit-kc130,Extraordinary Matte Lip Kit,https://kyliecosmetics.com/en-eu/kylie-cosmetics/products/matte-lip-kit-kc130/jcr:content.variantdata.json,https://kyliecosmetics.com/en-eu/kylie-cosmetics/products/matte-lip-kit-kc130,31.99,https://coty.scene7.com/is/image/cotyemea/05-21-2021 Kylie Cosmetics3719extraordinary- medium 12.57.12 PM-1?$SQUARE-575x575-2X$,kylie-cosmetics
https://kyliecosmetics.com/en-us/kylie-cosmetics/shop-all,matte-lip-kit-kc132,Better Not Pout Matte Lip Kit,https://kyliecosmetics.com/en-eu/kylie-cosmetics/products/matte-lip-kit-kc132/jcr:content.variantdata.json,https://kyliecosmetics.com/en-eu/kylie-cosmetics/products/matte-lip-kit-kc132,31.99,https://coty.scene7.com/is/image/cotyemea/05-21-2021 Kylie Cosmetics4228better not pout- medium 12.57.12 PM?$SQUARE-575x575-2X$,kylie-cosmetics
https://kyliecosmetics.com/en-us/kylie-cosmetics/shop-all,matte-lip-kit-kc250,Maliboo Matte Lip Kit,https://kyliecosmetics.com/en-eu/kylie-cosmetics/products/matte-lip-kit-kc250/jcr:content.variantdata.json,https://kyliecosmetics.com/en-eu/kylie-cosmetics/products/matte-lip-kit-kc250,31.99,https://coty.scene7.com/is/image/cotyemea/05-21-2021 Kylie Cosmetics4018maliboo- medium 12.57.12 PM-1?$SQUARE-575x575-2X$,kylie-cosmetics
https://kyliecosmetics.com/en-us/kylie-cosmetics/shop-all,matte-lip-kit-kc251,Bare Matte Lip Kit,https://kyliecosmetics.com/en-eu/kylie-cosmetics/products/matte-lip-kit-kc251/jcr:content.variantdata.json,https://kyliecosmetics.com/en-eu/kylie-cosmetics/products/matte-lip-kit-kc251,31.99,https://coty.scene7.com/is/image/cotyemea/05-21-2021 Kylie Cosmetics 201bare- medium?$SQUARE-575x575-2X$,kylie-cosmetics
https://kyliecosmetics.com/en-us/kylie-cosmetics/shop-all,matte-lip-kit-kc252,Sweater Weather Matte Lip Kit,https://kyliecosmetics.com/en-eu/kylie-cosmetics/products/matte-lip-kit-kc252/jcr:content.variantdata.json,https://kyliecosmetics.com/en-eu/kylie-cosmetics/products/matte-lip-kit-kc252,31.99,https://coty.scene7.com/is/image/cotyemea/05-21-2021 Kylie Cosmetics4004sweater weather- medium 12.57.12 PM?$SQUARE-575x575-2X$,kylie-cosmetics
https://kyliecosmetics.com/en-us/kylie-cosmetics/shop-all,matte-lip-kit-kc253,Dolce K Matte Lip Kit,https://kyliecosmetics.com/en-eu/kylie-cosmetics/products/matte-lip-kit-kc253/jcr:content.variantdata.json,https://kyliecosmetics.com/en-eu/kylie-cosmetics/products/matte-lip-kit-kc253,31.99,https://coty.scene7.com/is/image/cotyemea/05-21-2021 Kylie Cosmetics4106dolce k- medium 12.57.12 PM-1?$SQUARE-575x575-2X$,kylie-cosmetics
https://kyliecosmetics.com/en-us/kylie-cosmetics/shop-all,matte-liquid-lipstick-kc146,One Wish Matte Liquid Lipstick,https://kyliecosmetics.com/en-eu/kylie-cosmetics/products/matte-liquid-lipstick-kc146/jcr:content.variantdata.json,https://kyliecosmetics.com/en-eu/kylie-cosmetics/products/matte-liquid-lipstick-kc146,20.99,https://coty.scene7.com/is/image/cotyemea/05-17-2021 Kylie Cosmetics1744one wish- medium 12.57.13 PM?$SQUARE-575x575-2X$,kylie-cosmetics
https://kyliecosmetics.com/en-us/kylie-cosmetics/shop-all,matte-liquid-lipstick-kc147,Dirty Peach Matte Liquid Lipstick,https://kyliecosmetics.com/en-eu/kylie-cosmetics/products/matte-liquid-lipstick-kc147/jcr:content.variantdata.json,https://kyliecosmetics.com/en-eu/kylie-cosmetics/products/matte-liquid-lipstick-kc147,20.99,https://coty.scene7.com/is/image/cotyemea/05-17-2021 Kylie Cosmetics6862dirty peach- medium?$SQUARE-575x575-2X$,kylie-cosmetics
https://kyliecosmetics.com/en-us/kylie-cosmetics/shop-all,matte-liquid-lipstick-kc148,Apricot Matte Liquid Lipstick,https://kyliecosmetics.com/en-eu/kylie-cosmetics/products/matte-liquid-lipstick-kc148/jcr:content.variantdata.json,https://kyliecosmetics.com/en-eu/kylie-cosmetics/products/matte-liquid-lipstick-kc148,20.99,https://coty.scene7.com/is/image/cotyemea/05-17-2021 Kylie Cosmetics6864apricot- medium?$SQUARE-575x575-2X$,kylie-cosmetics
https://kyliecosmetics.com/en-us/kylie-cosmetics/shop-all,matte-liquid-lipstick-kc149,Wish You Were Here Matte Liquid Lipstick,https://kyliecosmetics.com/en-eu/kylie-cosmetics/products/matte-liquid-lipstick-kc149/jcr:content.variantdata.json,https://kyliecosmetics.com/en-eu/kylie-cosmetics/products/matte-liquid-lipstick-kc149,20.99,https://coty.scene7.com/is/image/cotyemea/05-21-2021 Kylie Cosmetics3753wish you were here- medium?$SQUARE-575x575-2X$,kylie-cosmetics
https://kyliecosmetics.com/en-us/kylie-cosmetics/shop-all,matte-liquid-lipstick-kc150,Candy K Matte Liquid Lipstick,https://kyliecosmetics.com/en-eu/kylie-cosmetics/products/matte-liquid-lipstick-kc150/jcr:content.variantdata.json,https://kyliecosmetics.com/en-eu/kylie-cosmetics/products/matte-liquid-lipstick-kc150,20.99,https://coty.scene7.com/is/image/cotyemea/05-21-2021 Kylie Cosmetics 238candy k- medium?$SQUARE-575x575-2X$,kylie-cosmetics
https://kyliecosmetics.com/en-us/kylie-cosmetics/shop-all,matte-liquid-lipstick-kc151,Queen Matte Liquid Lipstick,https://kyliecosmetics.com/en-eu/kylie-cosmetics/products/matte-liquid-lipstick-kc151/jcr:content.variantdata.json,https://kyliecosmetics.com/en-eu/kylie-cosmetics/products/matte-liquid-lipstick-kc151,20.99,https://coty.scene7.com/is/image/cotyemea/05-17-2021 Kylie Cosmetics6999queen - medium 12.57.13 PM?$SQUARE-575x575-2X$,kylie-cosmetics
https://kyliecosmetics.com/en-us/kylie-cosmetics/shop-all,matte-liquid-lipstick-kc152,Allergic To Bullsh*T Matte Liquid Lipstick,https://kyliecosmetics.com/en-eu/kylie-cosmetics/products/matte-liquid-lipstick-kc152/jcr:content.variantdata.json,https://kyliecosmetics.com/en-eu/kylie-cosmetics/products/matte-liquid-lipstick-kc152,20.99,https://coty.scene7.com/is/image/cotyemea/05-17-2021 Kylie Cosmetics1722allergic to bullsh_t- medium 12.59.11 PM?$SQUARE-575x575-2X$,kylie-cosmetics
https://kyliecosmetics.com/en-us/kylie-cosmetics/shop-all,matte-liquid-lipstick-kc153,Khlo$ Matte Liquid Lipstick,https://kyliecosmetics.com/en-eu/kylie-cosmetics/products/matte-liquid-lipstick-kc153/jcr:content.variantdata.json,https://kyliecosmetics.com/en-eu/kylie-cosmetics/products/matte-liquid-lipstick-kc153,20.99,https://coty.scene7.com/is/image/cotyemea/05-17-2021 Kylie Cosmetics1728khlo_- medium 12.59.11 PM?$SQUARE-575x575-2X$,kylie-cosmetics
https://kyliecosmetics.com/en-us/kylie-cosmetics/shop-all,matte-liquid-lipstick-kc154,Dolce K Matte Liquid Lipstick,https://kyliecosmetics.com/en-eu/kylie-cosmetics/products/matte-liquid-lipstick-kc154/jcr:content.variantdata.json,https://kyliecosmetics.com/en-eu/kylie-cosmetics/products/matte-liquid-lipstick-kc154,20.99,https://coty.scene7.com/is/image/cotyemea/05-21-2021 Kylie Cosmetics4106dolce k- medium 12.57.12 PM?$SQUARE-575x575-2X$,kylie-cosmetics
https://kyliecosmetics.com/en-us/kylie-cosmetics/shop-all,matte-liquid-lipstick-kc155,Commando Matte Liquid Lipstick,https://kyliecosmetics.com/en-eu/kylie-cosmetics/products/matte-liquid-lipstick-kc155/jcr:content.variantdata.json,https://kyliecosmetics.com/en-eu/kylie-cosmetics/products/matte-liquid-lipstick-kc155,20.99,https://coty.scene7.com/is/image/cotyemea/05-17-2021 Kylie Cosmetics1729commando- medium 12.59.11 PM?$SQUARE-575x575-2X$,kylie-cosmetics
https://kyliecosmetics.com/en-us/kylie-cosmetics/shop-all,matte-liquid-lipstick-kc156,Bare Matte Liquid Lipstick,https://kyliecosmetics.com/en-eu/kylie-cosmetics/products/matte-liquid-lipstick-kc156/jcr:content.variantdata.json,https://kyliecosmetics.com/en-eu/kylie-cosmetics/products/matte-liquid-lipstick-kc156,20.99,https://coty.scene7.com/is/image/cotyemea/05-21-2021 Kylie Cosmetics 201bare- medium-1?$SQUARE-575x575-2X$,kylie-cosmetics
https://kyliecosmetics.com/en-us/kylie-cosmetics/shop-all,matte-liquid-lipstick-kc157,Maliboo Matte Liquid Lipstick,https://kyliecosmetics.com/en-eu/kylie-cosmetics/products/matte-liquid-lipstick-kc157/jcr:content.variantdata.json,https://kyliecosmetics.com/en-eu/kylie-cosmetics/products/matte-liquid-lipstick-kc157,20.99,https://coty.scene7.com/is/image/cotyemea/05-21-2021 Kylie Cosmetics4018maliboo- medium 12.57.12 PM?$SQUARE-575x575-2X$,kylie-cosmetics
https://kyliecosmetics.com/en-us/kylie-cosmetics/shop-all,matte-liquid-lipstick-kc158,Ginger Matte Liquid Lipstick,https://kyliecosmetics.com/en-eu/kylie-cosmetics/products/matte-liquid-lipstick-kc158/jcr:content.variantdata.json,https://kyliecosmetics.com/en-eu/kylie-cosmetics/products/matte-liquid-lipstick-kc158,20.99,https://coty.scene7.com/is/image/cotyemea/05-21-2021 Kylie Cosmetics4045ginger- medium 12.57.12 PM?$SQUARE-575x575-2X$,kylie-cosmetics
https://kyliecosmetics.com/en-us/kylie-cosmetics/shop-all,matte-liquid-lipstick-kc159,Love Bite Matte Liquid Lipstick,https://kyliecosmetics.com/en-eu/kylie-cosmetics/products/matte-liquid-lipstick-kc159/jcr:content.variantdata.json,https://kyliecosmetics.com/en-eu/kylie-cosmetics/products/matte-liquid-lipstick-kc159,20.99,https://coty.scene7.com/is/image/cotyemea/05-21-2021 Kylie Cosmetics4273love bite- medium?$SQUARE-575x575-2X$,kylie-cosmetics
https://kyliecosmetics.com/en-us/kylie-cosmetics/shop-all,matte-liquid-lipstick-kc160,Brown Sugar Matte Liquid Lipstick,https://kyliecosmetics.com/en-eu/kylie-cosmetics/products/matte-liquid-lipstick-kc160/jcr:content.variantdata.json,https://kyliecosmetics.com/en-eu/kylie-cosmetics/products/matte-liquid-lipstick-kc160,20.99,https://coty.scene7.com/is/image/cotyemea/05-17-2021 Kylie Cosmetics6881brown sugar - medium-2?$SQUARE-575x575-2X$,kylie-cosmetics
https://kyliecosmetics.com/en-us/kylie-cosmetics/shop-all,matte-liquid-lipstick-kc161,Hazel Matte Liquid Lipstick,https://kyliecosmetics.com/en-eu/kylie-cosmetics/products/matte-liquid-lipstick-kc161/jcr:content.variantdata.json,https://kyliecosmetics.com/en-eu/kylie-cosmetics/products/matte-liquid-lipstick-kc161,20.99,https://coty.scene7.com/is/image/cotyemea/05-17-2021 Kylie Cosmetics6885hazel - medium?$SQUARE-575x575-2X$,kylie-cosmetics
https://kyliecosmetics.com/en-us/kylie-cosmetics/shop-all,matte-liquid-lipstick-kc162,Twenty Matte Liquid Lipstick,https://kyliecosmetics.com/en-eu/kylie-cosmetics/products/matte-liquid-lipstick-kc162/jcr:content.variantdata.json,https://kyliecosmetics.com/en-eu/kylie-cosmetics/products/matte-liquid-lipstick-kc162,20.99,https://coty.scene7.com/is/image/cotyemea/05-21-2021 Kylie Cosmetics 241twenty- medium?$SQUARE-575x575-2X$,kylie-cosmetics
https://kyliecosmetics.com/en-us/kylie-cosmetics/shop-all,matte-liquid-lipstick-kc163,Kristen Matte Liquid Lipstick,https://kyliecosmetics.com/en-eu/kylie-cosmetics/products/matte-liquid-lipstick-kc163/jcr:content.variantdata.json,https://kyliecosmetics.com/en-eu/kylie-cosmetics/products/matte-liquid-lipstick-kc163,20.99,https://coty.scene7.com/is/image/cotyemea/05-21-2021 Kylie Cosmetics 648kristen- medium?$SQUARE-575x575-2X$,kylie-cosmetics
https://kyliecosmetics.com/en-us/kylie-cosmetics/shop-all,matte-liquid-lipstick-kc164,22 Matte Liquid Lipstick,https://kyliecosmetics.com/en-eu/kylie-cosmetics/products/matte-liquid-lipstick-kc164/jcr:content.variantdata.json,https://kyliecosmetics.com/en-eu/kylie-cosmetics/products/matte-liquid-lipstick-kc164,20.99,https://coty.scene7.com/is/image/cotyemea/05-17-2021 Kylie Cosmetics7000 - 22 - medium 12.57.13 PM-1?$SQUARE-575x575-2X$,kylie-cosmetics
https://kyliecosmetics.com/en-us/kylie-cosmetics/shop-all,matte-liquid-lipstick-kc178,Boujee Matte Liquid Lipstick,https://kyliecosmetics.com/en-eu/kylie-cosmetics/products/matte-liquid-lipstick-kc178/jcr:content.variantdata.json,https://kyliecosmetics.com/en-eu/kylie-cosmetics/products/matte-liquid-lipstick-kc178,20.99,https://coty.scene7.com/is/image/cotyemea/05-17-2021 Kylie Cosmetics2073boujee- medium?$SQUARE-575x575-2X$,kylie-cosmetics
https://kyliecosmetics.com/en-us/kylie-cosmetics/shop-all,matte-liquid-lipstick-kc179,Autumn Matte Liquid Lipstick,https://kyliecosmetics.com/en-eu/kylie-cosmetics/products/matte-liquid-lipstick-kc179/jcr:content.variantdata.json,https://kyliecosmetics.com/en-eu/kylie-cosmetics/products/matte-liquid-lipstick-kc179,20.99,https://coty.scene7.com/is/image/cotyemea/05-17-2021 Kylie Cosmetics6997autum - medium 12.57.13 PM?$SQUARE-575x575-2X$,kylie-cosmetics
https://kyliecosmetics.com/en-us/kylie-cosmetics/shop-all,matte-liquid-lipstick-kc180,Call Me Matte Liquid Lipstick,https://kyliecosmetics.com/en-eu/kylie-cosmetics/products/matte-liquid-lipstick-kc180/jcr:content.variantdata.json,https://kyliecosmetics.com/en-eu/kylie-cosmetics/products/matte-liquid-lipstick-kc180,20.99,https://coty.scene7.com/is/image/cotyemea/05-17-2021 Kylie Cosmetics2075call me- medium?$SQUARE-575x575-2X$,kylie-cosmetics
https://kyliecosmetics.com/en-us/kylie-cosmetics/shop-all,matte-liquid-lipstick-kc181,Mary Jo K Matte Liquid Lipstick,https://kyliecosmetics.com/en-eu/kylie-cosmetics/products/matte-liquid-lipstick-kc181/jcr:content.variantdata.json,https://kyliecosmetics.com/en-eu/kylie-cosmetics/products/matte-liquid-lipstick-kc181,20.99,https://coty.scene7.com/is/image/cotyemea/05-21-2021 Kylie Cosmetics 1034mary jo k- medium 12.57.12 PM?$SQUARE-575x575-2X$,kylie-cosmetics
https://kyliecosmetics.com/en-us/kylie-cosmetics/shop-all,matte-liquid-lipstick-kc182,Koko K Matte Liquid Lipstick,https://kyliecosmetics.com/en-eu/kylie-cosmetics/products/matte-liquid-lipstick-kc182/jcr:content.variantdata.json,https://kyliecosmetics.com/en-eu/kylie-cosmetics/products/matte-liquid-lipstick-kc182,20.99,https://coty.scene7.com/is/image/cotyemea/05-21-2021 Kylie Cosmetics 233koko k- medium?$SQUARE-575x575-2X$,kylie-cosmetics
https://kyliecosmetics.com/en-us/kylie-cosmetics/shop-all,matte-liquid-lipstick-kc183,Angel Matte Liquid Lipstick,https://kyliecosmetics.com/en-eu/kylie-cosmetics/products/matte-liquid-lipstick-kc183/jcr:content.variantdata.json,https://kyliecosmetics.com/en-eu/kylie-cosmetics/products/matte-liquid-lipstick-kc183,20.99,https://coty.scene7.com/is/image/cotyemea/05-21-2021 Kylie Cosmetics 232angel- medium?$SQUARE-575x575-2X$,kylie-cosmetics
https://kyliecosmetics.com/en-us/kylie-cosmetics/shop-all,matte-liquid-lipstick-kc184,Bunny Matte Liquid Lipstick,https://kyliecosmetics.com/en-eu/kylie-cosmetics/products/matte-liquid-lipstick-kc184/jcr:content.variantdata.json,https://kyliecosmetics.com/en-eu/kylie-cosmetics/products/matte-liquid-lipstick-kc184,20.99,https://coty.scene7.com/is/image/cotyemea/05-21-2021 Kylie Cosmetics 236bunny- medium?$SQUARE-575x575-2X$,kylie-cosmetics
https://kyliecosmetics.com/en-us/kylie-cosmetics/shop-all,matte-liquid-lipstick-kc185,High Maintenance Matte Liquid Lipstick,https://kyliecosmetics.com/en-eu/kylie-cosmetics/products/matte-liquid-lipstick-kc185/jcr:content.variantdata.json,https://kyliecosmetics.com/en-eu/kylie-cosmetics/products/matte-liquid-lipstick-kc185,20.99,https://coty.scene7.com/is/image/cotyemea/05-21-2021 Kylie Cosmetics3892high maintenance- medium?$SQUARE-575x575-2X$,kylie-cosmetics
https://kyliecosmetics.com/en-us/kylie-cosmetics/shop-all,matte-liquid-lipstick-kc186,Built To Last Matte Liquid Lipstick,https://kyliecosmetics.com/en-eu/kylie-cosmetics/products/matte-liquid-lipstick-kc186/jcr:content.variantdata.json,https://kyliecosmetics.com/en-eu/kylie-cosmetics/products/matte-liquid-lipstick-kc186,20.99,https://coty.scene7.com/is/image/cotyemea/05-17-2021 Kylie Cosmetics1732built to last- medium 12.59.11 PM?$SQUARE-575x575-2X$,kylie-cosmetics
https://kyliecosmetics.com/en-us/kylie-cosmetics/shop-all,matte-liquid-lipstick-kc187,Baby Girl Matte Liquid Lipstick,https://kyliecosmetics.com/en-eu/kylie-cosmetics/products/matte-liquid-lipstick-kc187/jcr:content.variantdata.json,https://kyliecosmetics.com/en-eu/kylie-cosmetics/products/matte-liquid-lipstick-kc187,20.99,https://coty.scene7.com/is/image/cotyemea/05-17-2021 Kylie Cosmetics7027baby girl - medium 12.59.10 PM?$SQUARE-575x575-2X$,kylie-cosmetics
https://kyliecosmetics.com/en-us/kylie-cosmetics/shop-all,matte-liquid-lipstick-kc188,Posie K Matte Liquid Lipstick,https://kyliecosmetics.com/en-eu/kylie-cosmetics/products/matte-liquid-lipstick-kc188/jcr:content.variantdata.json,https://kyliecosmetics.com/en-eu/kylie-cosmetics/products/matte-liquid-lipstick-kc188,20.99,https://coty.scene7.com/is/image/cotyemea/05-21-2021 Kylie Cosmetics3712posie k- medium 12.57.12 PM?$SQUARE-575x575-2X$,kylie-cosmetics
https://kyliecosmetics.com/en-us/kylie-cosmetics/shop-all,matte-liquid-lipstick-kc189,Head Over Heels Matte Liquid Lipstick,https://kyliecosmetics.com/en-eu/kylie-cosmetics/products/matte-liquid-lipstick-kc189/jcr:content.variantdata.json,https://kyliecosmetics.com/en-eu/kylie-cosmetics/products/matte-liquid-lipstick-kc189,20.99,https://coty.scene7.com/is/image/cotyemea/05-17-2021 Kylie Cosmetics7114head over heels- medium 12.57.13 PM-1?$SQUARE-575x575-2X$,kylie-cosmetics
https://kyliecosmetics.com/en-us/kylie-cosmetics/shop-all,matte-liquid-lipstick-kc190,Clove Matte Liquid Lipstick,https://kyliecosmetics.com/en-eu/kylie-cosmetics/products/matte-liquid-lipstick/jcr:content.variantdata.json,https://kyliecosmetics.com/en-eu/kylie-cosmetics/products/matte-liquid-lipstick,20.99,https://coty.scene7.com/is/image/cotyemea/05-21-2021 Kylie Cosmetics4225clove- medium 12.57.12 PM-1?$SQUARE-575x575-2X$,kylie-cosmetics
https://kyliecosmetics.com/en-us/kylie-cosmetics/shop-all,lip-blush-butterfly-kc281,Butterfly Lip Blush,https://kyliecosmetics.com/en-eu/kylie-cosmetics/products/lip-blush-kc281/jcr:content.variantdata.json,https://kyliecosmetics.com/en-eu/kylie-cosmetics/products/lip-blush-kc281,20.99,https://coty.scene7.com/is/image/cotyemea/4064941010722_KJC_LBLUSH_21_Digital_Butterfly_407_Kylie_Jenner_Closeup_Square_HR-1?$SQUARE-575x575-2X$,kylie-cosmetics
https://kyliecosmetics.com/en-us/kylie-cosmetics/shop-all,lip-blush-cherry-on-top-kc282,Cherry On Top Lip Blush,https://kyliecosmetics.com/en-eu/kylie-cosmetics/products/lip-blush-kc282/jcr:content.variantdata.json,https://kyliecosmetics.com/en-eu/kylie-cosmetics/products/lip-blush-kc282,20.99,https://coty.scene7.com/is/image/cotyemea/4064941010739_KJC_LBLUSH_21_Digital_Cherry_On_Top_314_Kylie_Jenner_Closeup_Square_HR-1?$SQUARE-575x575-2X$,kylie-cosmetics
https://kyliecosmetics.com/en-us/kylie-cosmetics/shop-all,lip-blush-bikini-bod-kc283,Bikini Bod Lip Blush,https://kyliecosmetics.com/en-eu/kylie-cosmetics/products/lip-blush-kc283/jcr:content.variantdata.json,https://kyliecosmetics.com/en-eu/kylie-cosmetics/products/lip-blush-kc283,20.99,https://coty.scene7.com/is/image/cotyemea/4064941010746_KJC_LBLUSH_21_Digital_Bikini_Bod_313_Kylie_Jenner_Closeup_Square_HR-1?$SQUARE-575x575-2X$,kylie-cosmetics
https://kyliecosmetics.com/en-us/kylie-cosmetics/shop-all,lip-blush-im-blushing-kc284,I'm Blushing Lip Blush,https://kyliecosmetics.com/en-eu/kylie-cosmetics/products/lip-blush-kc284/jcr:content.variantdata.json,https://kyliecosmetics.com/en-eu/kylie-cosmetics/products/lip-blush-kc284,20.99,https://coty.scene7.com/is/image/cotyemea/4064941010753_KJC_LBLUSH_21_Digital_Im_Blushing_207_Kylie_Jenner_Closeup_Square_HR-1?$SQUARE-575x575-2X$,kylie-cosmetics
https://kyliecosmetics.com/en-us/kylie-cosmetics/shop-all,lip-liner-kc197,Beau Lip Liner,https://kyliecosmetics.com/en-eu/kylie-cosmetics/products/lip-liner-kc197/jcr:content.variantdata.json,https://kyliecosmetics.com/en-eu/kylie-cosmetics/products/lip-liner-kc197,14.99,https://coty.scene7.com/is/image/cotyemea/KC-LipLiner-Beau-EPI?$SQUARE-575x575-2X$,kylie-cosmetics
https://kyliecosmetics.com/en-us/kylie-cosmetics/shop-all,lip-liner-kc199,Give Me A Kiss Lip Liner,https://kyliecosmetics.com/en-eu/kylie-cosmetics/products/lip-liner-kc199/jcr:content.variantdata.json,https://kyliecosmetics.com/en-eu/kylie-cosmetics/products/lip-liner-kc199,14.99,https://coty.scene7.com/is/image/cotyemea/KC-LipLiner-GiveMeAKiss-EPI?$SQUARE-575x575-2X$,kylie-cosmetics
https://kyliecosmetics.com/en-us/kylie-cosmetics/shop-all,high-gloss-kc315,Candy K High Gloss,https://kyliecosmetics.com/en-eu/kylie-cosmetics/products/high-gloss-kc315/jcr:content.variantdata.json,https://kyliecosmetics.com/en-eu/kylie-cosmetics/products/high-gloss-kc315,17.99,https://coty.scene7.com/is/image/cotyemea/05-18-2021 Kylie Cosmetics7578candy k- mediumV2 12.52.45 PM?$SQUARE-575x575-2X$,kylie-cosmetics
https://kyliecosmetics.com/en-us/kylie-cosmetics/shop-all,high-gloss-kc316,Oh You Fancy High Gloss,https://kyliecosmetics.com/en-eu/kylie-cosmetics/products/high-gloss-kc316/jcr:content.variantdata.json,https://kyliecosmetics.com/en-eu/kylie-cosmetics/products/high-gloss-kc316,17.99,https://coty.scene7.com/is/image/cotyemea/05-18-2021 Kylie Cosmetics8968oh you fancy- medium 12.52.44 PM?$SQUARE-575x575-2X$,kylie-cosmetics
https://kyliecosmetics.com/en-us/kylie-cosmetics/shop-all,high-gloss-kc317,You Are The Sun High Gloss,https://kyliecosmetics.com/en-eu/kylie-cosmetics/products/high-gloss-kc317/jcr:content.variantdata.json,https://kyliecosmetics.com/en-eu/kylie-cosmetics/products/high-gloss-kc317,17.99,https://coty.scene7.com/is/image/cotyemea/05-18-2021 Kylie Cosmetics3063you are the sun- medium?$SQUARE-575x575-2X$,kylie-cosmetics
https://kyliecosmetics.com/en-us/kylie-cosmetics/shop-all,high-gloss-kc318,Literally High Gloss,https://kyliecosmetics.com/en-eu/kylie-cosmetics/products/high-gloss-kc318/jcr:content.variantdata.json,https://kyliecosmetics.com/en-eu/kylie-cosmetics/products/high-gloss-kc318,17.99,https://coty.scene7.com/is/image/cotyemea/05-18-2021 Kylie Cosmetics8928literally- mediumV2 12.52.44 PM?$SQUARE-575x575-2X$,kylie-cosmetics
https://kyliecosmetics.com/en-us/kylie-cosmetics/shop-all,high-gloss-kc319,Glitz High Gloss,https://kyliecosmetics.com/en-eu/kylie-cosmetics/products/high-gloss-kc319/jcr:content.variantdata.json,https://kyliecosmetics.com/en-eu/kylie-cosmetics/products/high-gloss-kc319,17.99,https://coty.scene7.com/is/image/cotyemea/05-18-2021 Kylie Cosmetics3049glitz- medium?$SQUARE-575x575-2X$,kylie-cosmetics
https://kyliecosmetics.com/en-us/kylie-cosmetics/shop-all,high-gloss-kc320,Sugar Plum High Gloss,https://kyliecosmetics.com/en-eu/kylie-cosmetics/products/high-gloss-kc320/jcr:content.variantdata.json,https://kyliecosmetics.com/en-eu/kylie-cosmetics/products/high-gloss-kc320,17.99,https://coty.scene7.com/is/image/cotyemea/05-18-2021 Kylie Cosmetics8230sugar plum- medium 12.52.45 PM?$SQUARE-575x575-2X$,kylie-cosmetics
https://kyliecosmetics.com/en-us/kylie-cosmetics/shop-all,high-gloss-kc321,Partner In Crime High Gloss,https://kyliecosmetics.com/en-eu/kylie-cosmetics/products/high-gloss-kc321/jcr:content.variantdata.json,https://kyliecosmetics.com/en-eu/kylie-cosmetics/products/high-gloss-kc321,17.99,https://coty.scene7.com/is/image/cotyemea/05-18-2021 Kylie Cosmetics2156partner in crime- mediumv2 12.52.46 PM?$SQUARE-575x575-2X$,kylie-cosmetics
https://kyliecosmetics.com/en-us/kylie-cosmetics/shop-all,high-gloss-kc322,So Cute High Gloss,https://kyliecosmetics.com/en-eu/kylie-cosmetics/products/high-gloss-kc322/jcr:content.variantdata.json,https://kyliecosmetics.com/en-eu/kylie-cosmetics/products/high-gloss-kc322,17.99,https://coty.scene7.com/is/image/cotyemea/05-18-2021 Kylie Cosmetics2173so cute- mediumv2 12.52.46 PM?$SQUARE-575x575-2X$,kylie-cosmetics
https://kyliecosmetics.com/en-us/kylie-cosmetics/shop-all,high-gloss-kc323,Like High Gloss,https://kyliecosmetics.com/en-eu/kylie-cosmetics/products/high-gloss-kc323/jcr:content.variantdata.json,https://kyliecosmetics.com/en-eu/kylie-cosmetics/products/high-gloss-kc323,17.99,https://coty.scene7.com/is/image/cotyemea/05-18-2021 Kylie Cosmetics2315like- mediumV2?$SQUARE-575x575-2X$,kylie-cosmetics
https://kyliecosmetics.com/en-us/kylie-cosmetics/shop-all,high-gloss-kc324,Klear High Gloss,https://kyliecosmetics.com/en-eu/kylie-cosmetics/products/high-gloss-kc324/jcr:content.variantdata.json,https://kyliecosmetics.com/en-eu/kylie-cosmetics/products/high-gloss-kc324,17.99,https://coty.scene7.com/is/image/cotyemea/05-18-2021 Kylie Cosmetics8474klear- medium 12.52.44 PM?$SQUARE-575x575-2X$,kylie-cosmetics
https://kyliecosmetics.com/en-us/kylie-cosmetics/shop-all,high-gloss-kc325,Lost Angel High Gloss,https://kyliecosmetics.com/en-eu/kylie-cosmetics/products/high-gloss-kc325/jcr:content.variantdata.json,https://kyliecosmetics.com/en-eu/kylie-cosmetics/products/high-gloss-kc325,17.99,https://coty.scene7.com/is/image/cotyemea/05-18-2021 Kylie Cosmetics8330lost angel- medium 12.52.45 PM?$SQUARE-575x575-2X$,kylie-cosmetics
https://kyliecosmetics.com/en-us/kylie-cosmetics/shop-all,high-gloss-kc326,Koko K High Gloss,https://kyliecosmetics.com/en-eu/kylie-cosmetics/products/high-gloss-kc326/jcr:content.variantdata.json,https://kyliecosmetics.com/en-eu/kylie-cosmetics/products/high-gloss-kc326,17.99,https://coty.scene7.com/is/image/cotyemea/05-18-2021 Kylie Cosmetics7619koko k- mediumV2 12.52.45 PM?$SQUARE-575x575-2X$,kylie-cosmetics
https://kyliecosmetics.com/en-us/kylie-cosmetics/shop-all,high-gloss-kc327,Diva High Gloss,https://kyliecosmetics.com/en-eu/kylie-cosmetics/products/high-gloss-kc327/jcr:content.variantdata.json,https://kyliecosmetics.com/en-eu/kylie-cosmetics/products/high-gloss-kc327,17.99,https://coty.scene7.com/is/image/cotyemea/05-18-2021 Kylie Cosmetics3472diva- mediumV2 12.52.45 PM?$SQUARE-575x575-2X$,kylie-cosmetics
https://kyliecosmetics.com/en-us/kylie-cosmetics/shop-all,high-gloss-kc328,Sweet High Gloss,https://kyliecosmetics.com/en-eu/kylie-cosmetics/products/high-gloss-kc328/jcr:content.variantdata.json,https://kyliecosmetics.com/en-eu/kylie-cosmetics/products/high-gloss-kc328,17.99,https://coty.scene7.com/is/image/cotyemea/05-18-2021 Kylie Cosmetics8658sweet- medium 12.52.44 PM?$SQUARE-575x575-2X$,kylie-cosmetics
https://kyliecosmetics.com/en-us/kylie-cosmetics/shop-all,high-gloss-kc329,One In A Billion High Gloss,https://kyliecosmetics.com/en-eu/kylie-cosmetics/products/high-gloss-kc329/jcr:content.variantdata.json,https://kyliecosmetics.com/en-eu/kylie-cosmetics/products/high-gloss-kc329,17.99,https://coty.scene7.com/is/image/cotyemea/05-18-2021 Kylie Cosmetics8604one in a billion- medium 12.52.44 PM?$SQUARE-575x575-2X$,kylie-cosmetics
https://kyliecosmetics.com/en-us/kylie-cosmetics/shop-all,high-gloss-kc330,Snatched High Gloss,https://kyliecosmetics.com/en-eu/kylie-cosmetics/products/high-gloss-kc330/jcr:content.variantdata.json,https://kyliecosmetics.com/en-eu/kylie-cosmetics/products/high-gloss-kc330,17.99,https://coty.scene7.com/is/image/cotyemea/05-18-2021 Kylie Cosmetics7554snatched- mediumV3 12.52.45 PM?$SQUARE-575x575-2X$,kylie-cosmetics
https://kyliecosmetics.com/en-us/kylie-cosmetics/shop-all,high-gloss-kc331,My Moon And Stars High Gloss,https://kyliecosmetics.com/en-eu/kylie-cosmetics/products/high-gloss-kc331/jcr:content.variantdata.json,https://kyliecosmetics.com/en-eu/kylie-cosmetics/products/high-gloss-kc331,17.99,https://coty.scene7.com/is/image/cotyemea/05-18-2021 Kylie Cosmetics7779my moon and stars- medium 12.52.45 PM?$SQUARE-575x575-2X$,kylie-cosmetics
https://kyliecosmetics.com/en-us/kylie-cosmetics/shop-all,high-gloss-kc332,Daddys Girl High Gloss,https://kyliecosmetics.com/en-eu/kylie-cosmetics/products/high-gloss-kc332/jcr:content.variantdata.json,https://kyliecosmetics.com/en-eu/kylie-cosmetics/products/high-gloss-kc332,17.99,https://coty.scene7.com/is/image/cotyemea/05-18-2021 Kylie Cosmetics2509daddy_s girl- medium?$SQUARE-575x575-2X$,kylie-cosmetics
https://kyliecosmetics.com/en-us/kylie-cosmetics/shop-all,high-gloss-kc333,Damn Gina High Gloss,https://kyliecosmetics.com/en-eu/kylie-cosmetics/products/high-gloss-kc333/jcr:content.variantdata.json,https://kyliecosmetics.com/en-eu/kylie-cosmetics/products/high-gloss-kc333,17.99,https://coty.scene7.com/is/image/cotyemea/05-18-2021 Kylie Cosmetics7778damn gina- medium 12.52.45 PM?$SQUARE-575x575-2X$,kylie-cosmetics
https://kyliecosmetics.com/en-us/kylie-cosmetics/shop-all,high-gloss-kc334,Cupid High Gloss,https://kyliecosmetics.com/en-eu/kylie-cosmetics/products/high-gloss/jcr:content.variantdata.json,https://kyliecosmetics.com/en-eu/kylie-cosmetics/products/high-gloss,17.99,https://coty.scene7.com/is/image/cotyemea/05-18-2021 Kylie Cosmetics7785cupid- medium 12.52.45 PM?$SQUARE-575x575-2X$,kylie-cosmetics
https://kyliecosmetics.com/en-us/kylie-cosmetics/shop-all,high-gloss-kc335,Slept On High Gloss,https://kyliecosmetics.com/en-eu/kylie-cosmetics/products/high-gloss-kc335/jcr:content.variantdata.json,https://kyliecosmetics.com/en-eu/kylie-cosmetics/products/high-gloss-kc335,17.99,https://coty.scene7.com/is/image/cotyemea/05-18-2021 Kylie Cosmetics8070slept on- medium 12.52.45 PM?$SQUARE-575x575-2X$,kylie-cosmetics
https://kyliecosmetics.com/en-us/kylie-cosmetics/shop-all,high-gloss-kc336,Posie K High Gloss,https://kyliecosmetics.com/en-eu/kylie-cosmetics/products/high-gloss-kc336/jcr:content.variantdata.json,https://kyliecosmetics.com/en-eu/kylie-cosmetics/products/high-gloss-kc336,17.99,https://coty.scene7.com/is/image/cotyemea/05-18-2021 Kylie Cosmetics8774posie k- medium V2 12.52.44 PM?$SQUARE-575x575-2X$,kylie-cosmetics
https://kyliecosmetics.com/en-us/kylie-cosmetics/shop-all,high-gloss-kc337,Crystal High Gloss,https://kyliecosmetics.com/en-eu/kylie-cosmetics/products/high-gloss-kc337/jcr:content.variantdata.json,https://kyliecosmetics.com/en-eu/kylie-cosmetics/products/high-gloss-kc337,17.99,https://coty.scene7.com/is/image/cotyemea/05-18-2021 Kylie Cosmetics7477crystal- medium 12.52.45 PM?$SQUARE-575x575-2X$,kylie-cosmetics
https://kyliecosmetics.com/en-us/kylie-cosmetics/shop-all,high-gloss-kc338,Always Shining High Gloss,https://kyliecosmetics.com/en-eu/kylie-cosmetics/products/high-gloss-kc338/jcr:content.variantdata.json,https://kyliecosmetics.com/en-eu/kylie-cosmetics/products/high-gloss-kc338,17.99,https://coty.scene7.com/is/image/cotyemea/05-18-2021 Kylie Cosmetics8155always shining- medium 12.52.45 PM?$SQUARE-575x575-2X$,kylie-cosmetics
https://kyliecosmetics.com/en-us/kylie-cosmetics/shop-all,high-gloss-kc339,23 High Gloss,https://kyliecosmetics.com/en-eu/kylie-cosmetics/products/high-gloss-kc339/jcr:content.variantdata.json,https://kyliecosmetics.com/en-eu/kylie-cosmetics/products/high-gloss-kc339,17.99,https://coty.scene7.com/is/image/cotyemea/05-18-2021 Kylie Cosmetics8539-  23- mediumV2 12.52.44 PM-1?$SQUARE-575x575-2X$,kylie-cosmetics
https://kyliecosmetics.com/en-us/kylie-cosmetics/shop-all,high-gloss-kc340,Poppin High Gloss,https://kyliecosmetics.com/en-eu/kylie-cosmetics/products/high-gloss-kc340/jcr:content.variantdata.json,https://kyliecosmetics.com/en-eu/kylie-cosmetics/products/high-gloss-kc340,17.99,https://coty.scene7.com/is/image/cotyemea/05-18-2021 Kylie Cosmetics8218poppin- medium?$SQUARE-575x575-2X$,kylie-cosmetics
https://kyliecosmetics.com/en-us/kylie-cosmetics/shop-all,high-gloss-kc341,Story Of Us High Gloss,https://kyliecosmetics.com/en-eu/kylie-cosmetics/products/high-gloss-kc341/jcr:content.variantdata.json,https://kyliecosmetics.com/en-eu/kylie-cosmetics/products/high-gloss-kc341,17.99,https://coty.scene7.com/is/image/cotyemea/05-18-2021 Kylie Cosmetics7982Story of us- mediumV2 12.52.45 PM?$SQUARE-575x575-2X$,kylie-cosmetics
https://kyliecosmetics.com/en-us/kylie-cosmetics/shop-all,high-gloss-kc342,I'M The Catch High Gloss,https://kyliecosmetics.com/en-eu/kylie-cosmetics/products/high-gloss-kc342/jcr:content.variantdata.json,https://kyliecosmetics.com/en-eu/kylie-cosmetics/products/high-gloss-kc342,17.99,https://coty.scene7.com/is/image/cotyemea/05-18-2021 Kylie Cosmetics3081I_m the catch- medium?$SQUARE-575x575-2X$,kylie-cosmetics
https://kyliecosmetics.com/en-us/kylie-cosmetics/shop-all,high-gloss-kc343,Glamour High Gloss,https://kyliecosmetics.com/en-eu/kylie-cosmetics/products/high-gloss-kc343/jcr:content.variantdata.json,https://kyliecosmetics.com/en-eu/kylie-cosmetics/products/high-gloss-kc343,17.99,https://coty.scene7.com/is/image/cotyemea/05-18-2021 Kylie Cosmetics2867glamour- medium?$SQUARE-575x575-2X$,kylie-cosmetics
https://kyliecosmetics.com/en-us/kylie-cosmetics/shop-all,high-gloss-kc344,Yesss Girl High Gloss,https://kyliecosmetics.com/en-eu/kylie-cosmetics/products/high-gloss-kc344/jcr:content.variantdata.json,https://kyliecosmetics.com/en-eu/kylie-cosmetics/products/high-gloss-kc344,17.99,https://coty.scene7.com/is/image/cotyemea/05-18-2021 Kylie Cosmetics7955yesss girl- medium 12.52.45 PM?$SQUARE-575x575$,kylie-cosmetics
https://kyliecosmetics.com/en-us/kylie-cosmetics/shop-all,pencil-sharpener-kc419,Pencil Sharpener,https://kyliecosmetics.com/en-eu/kylie-cosmetics/products/pencil-sharpener-kc419/jcr:content.variantdata.json,https://kyliecosmetics.com/en-eu/kylie-cosmetics/products/pencil-sharpener-kc419,6,https://coty.scene7.com/is/image/cotyemea/KC-PencilSharpener-CapOff_ALT1?$SQUARE-575x575-2X$,kylie-cosmetics
https://kyliecosmetics.com/en-us/kylie-cosmetics/shop-all,kyliner-gel-pencil-kc212,Matte Grey Gel Eyeliner Pencil,https://kyliecosmetics.com/en-eu/kylie-cosmetics/products/kyliner-gel-pencil-kc212/jcr:content.variantdata.json,https://kyliecosmetics.com/en-eu/kylie-cosmetics/products/kyliner-gel-pencil-kc212,15.99,https://coty.scene7.com/is/image/cotyemea/KC-GelPencil-MatteGrey-EPI?$SQUARE-575x575-2X$,kylie-cosmetics
https://kyliecosmetics.com/en-us/kylie-cosmetics/shop-all,kyliner-gel-pencil-kc213,Matte Brown Gel Eyeliner Pencil,https://kyliecosmetics.com/en-eu/kylie-cosmetics/products/kyliner-gel-pencil-kc213/jcr:content.variantdata.json,https://kyliecosmetics.com/en-eu/kylie-cosmetics/products/kyliner-gel-pencil-kc213,15.99,https://coty.scene7.com/is/image/cotyemea/KC-GelPencil-MatteBrown-EPI-1?$SQUARE-575x575-2X$,kylie-cosmetics
https://kyliecosmetics.com/en-us/kylie-cosmetics/shop-all,kyliner-gel-pencil-kc214,Matte Dark Brown Gel Eyeliner Pencil,https://kyliecosmetics.com/en-eu/kylie-cosmetics/products/kyliner-gel-pencil-kc214/jcr:content.variantdata.json,https://kyliecosmetics.com/en-eu/kylie-cosmetics/products/kyliner-gel-pencil-kc214,15.99,https://coty.scene7.com/is/image/cotyemea/KC-GelPencil-MatteDarkBrown-EPI?$SQUARE-575x575-2X$,kylie-cosmetics
https://kyliecosmetics.com/en-us/kylie-cosmetics/shop-all,kyliner-gel-pencil-kc215,Matte Plum Gel Eyeliner Pencil,https://kyliecosmetics.com/en-eu/kylie-cosmetics/products/kyliner-gel-pencil-kc215/jcr:content.variantdata.json,https://kyliecosmetics.com/en-eu/kylie-cosmetics/products/kyliner-gel-pencil-kc215,15.99,https://coty.scene7.com/is/image/cotyemea/KC-GelPencil-MattePlum-EPI?$SQUARE-575x575-2X$,kylie-cosmetics
https://kyliecosmetics.com/en-us/kylie-cosmetics/shop-all,kyliner-gel-pencil-kc216,Shimmery Bronze Gel Eyeliner Pencil,https://kyliecosmetics.com/en-eu/kylie-cosmetics/products/kyliner-gel-pencil-kc216/jcr:content.variantdata.json,https://kyliecosmetics.com/en-eu/kylie-cosmetics/products/kyliner-gel-pencil-kc216,15.99,https://coty.scene7.com/is/image/cotyemea/KC-GelPencil-ShimmeryBronze-EPI?$SQUARE-575x575-2X$,kylie-cosmetics
https://kyliecosmetics.com/en-us/kylie-cosmetics/shop-all,kyliner-gel-pencil-kc217,Shimmery Black Gel Eyeliner Pencil,https://kyliecosmetics.com/en-eu/kylie-cosmetics/products/kyliner-gel-pencil-kc217/jcr:content.variantdata.json,https://kyliecosmetics.com/en-eu/kylie-cosmetics/products/kyliner-gel-pencil-kc217,15.99,https://coty.scene7.com/is/image/cotyemea/KC-GelPencil-ShimmeryBlack-EPI?$SQUARE-575x575-2X$,kylie-cosmetics
https://kyliecosmetics.com/en-us/kylie-cosmetics/shop-all,kyliner-gel-pencil-kc218,Shimmery Purple Gel Eyeliner Pencil,https://kyliecosmetics.com/en-eu/kylie-cosmetics/products/kyliner-gel-pencil-kc218/jcr:content.variantdata.json,https://kyliecosmetics.com/en-eu/kylie-cosmetics/products/kyliner-gel-pencil-kc218,15.99,https://coty.scene7.com/is/image/cotyemea/KC-GelPencil-ShimmeryPurple-EPI?$SQUARE-575x575-2X$,kylie-cosmetics
https://kyliecosmetics.com/en-us/kylie-cosmetics/shop-all,kyliner-gel-pencil-kc219,Shimmery Grey Gel Eyeliner Pencil,https://kyliecosmetics.com/en-eu/kylie-cosmetics/products/kyliner-gel-pencil-kc219/jcr:content.variantdata.json,https://kyliecosmetics.com/en-eu/kylie-cosmetics/products/kyliner-gel-pencil-kc219,15.99,https://coty.scene7.com/is/image/cotyemea/KC-GelPencil-ShimmeryGrey-EPI?$SQUARE-575x575-2X$,kylie-cosmetics
https://kyliecosmetics.com/en-us/kylie-cosmetics/shop-all,kyliner-gel-pencil-kc220,Shimmery Gold Gel Eyeliner Pencil,https://kyliecosmetics.com/en-eu/kylie-cosmetics/products/kyliner-gel-pencil-kc220/jcr:content.variantdata.json,https://kyliecosmetics.com/en-eu/kylie-cosmetics/products/kyliner-gel-pencil-kc220,15.99,https://coty.scene7.com/is/image/cotyemea/KC-GelPencil-ShimmeryGold-EPI?$SQUARE-575x575-2X$,kylie-cosmetics
https://kyliecosmetics.com/en-us/kylie-cosmetics/shop-all,kyliner-gel-pencil-kc221,Matte Green Gel Eyeliner Pencil,https://kyliecosmetics.com/en-eu/kylie-cosmetics/products/kyliner-gel-pencil-kc221/jcr:content.variantdata.json,https://kyliecosmetics.com/en-eu/kylie-cosmetics/products/kyliner-gel-pencil-kc221,15.99,https://coty.scene7.com/is/image/cotyemea/KC-GelPencil-MatteGreen-EPI?$SQUARE-575x575-2X$,kylie-cosmetics
https://kyliecosmetics.com/en-us/kylie-cosmetics/shop-all,kyliner-gel-pencil-kc222,Matte Nude Gel Eyeliner Pencil,https://kyliecosmetics.com/en-eu/kylie-cosmetics/products/kyliner-gel-pencil-kc222/jcr:content.variantdata.json,https://kyliecosmetics.com/en-eu/kylie-cosmetics/products/kyliner-gel-pencil-kc222,15.99,https://coty.scene7.com/is/image/cotyemea/KC-GelPencil-MatteNude-EPI?$SQUARE-575x575-2X$,kylie-cosmetics
https://kyliecosmetics.com/en-us/kylie-cosmetics/shop-all,kyliner-gel-pencil-kc223,Shimmery Blue Gel Eyeliner Pencil,https://kyliecosmetics.com/en-eu/kylie-cosmetics/products/kyliner-gel-pencil-kc223/jcr:content.variantdata.json,https://kyliecosmetics.com/en-eu/kylie-cosmetics/products/kyliner-gel-pencil-kc223,15.99,https://coty.scene7.com/is/image/cotyemea/KC-GelPencil-ShimmeryBlue-EPI?$SQUARE-575x575-2X$,kylie-cosmetics
https://kyliecosmetics.com/en-us/kylie-cosmetics/shop-all,kyliner-gel-pencil-kc224,Matte Black Gel Eyeliner Pencil,https://kyliecosmetics.com/en-eu/kylie-cosmetics/products/kyliner-gel-pencil-kc224/jcr:content.variantdata.json,https://kyliecosmetics.com/en-eu/kylie-cosmetics/products/kyliner-gel-pencil-kc224,15.99,https://coty.scene7.com/is/image/cotyemea/KC-GelPencil-MatteBlack-EPI?$SQUARE-575x575-2X$,kylie-cosmetics
https://kyliecosmetics.com/en-us/kylie-cosmetics/shop-all,kyliner-gel-pencil-kc225,Matte Blue Gel Eyeliner Pencil,https://kyliecosmetics.com/en-eu/kylie-cosmetics/products/kyliner-gel-pencil-kc225/jcr:content.variantdata.json,https://kyliecosmetics.com/en-eu/kylie-cosmetics/products/kyliner-gel-pencil-kc225,15.99,https://coty.scene7.com/is/image/cotyemea/KC-GelPencil-MatteBlue-EPI?$SQUARE-575x575-2X$,kylie-cosmetics
https://kyliecosmetics.com/en-us/kylie-cosmetics/shop-all,kyliner-gel-pencil-kc226,Shimmery Brown Gel Eyeliner Pencil,https://kyliecosmetics.com/en-eu/kylie-cosmetics/products/kyliner-gel-pencil-kc226/jcr:content.variantdata.json,https://kyliecosmetics.com/en-eu/kylie-cosmetics/products/kyliner-gel-pencil-kc226,15.99,https://coty.scene7.com/is/image/cotyemea/KC-GelPencil-ShimmeryBrown-EPI?$SQUARE-575x575-2X$,kylie-cosmetics
https://kyliecosmetics.com/en-us/kylie-cosmetics/shop-all,kyliner-liquid-pen-kc247,Kyliner Brush Tip Liquid Eyeliner Pen,https://kyliecosmetics.com/en-eu/kylie-cosmetics/products/kyliner-liquid-pen-kc247/jcr:content.variantdata.json,https://kyliecosmetics.com/en-eu/kylie-cosmetics/products/kyliner-liquid-pen-kc247,20.99,https://coty.scene7.com/is/image/cotyemea/KC-LiquidKyliner-Black-EPI?$SQUARE-575x575-2X$,kylie-cosmetics
https://kyliecosmetics.com/en-us/kylie-cosmetics/shop-all,kybrow-brush-kc420,Kybrow Brush,https://kyliecosmetics.com/en-eu/kylie-cosmetics/products/kybrow-brush-kc420/jcr:content.variantdata.json,https://kyliecosmetics.com/en-eu/kylie-cosmetics/products/kybrow-brush-kc420,17.99,https://coty.scene7.com/is/image/cotyemea/4064941039662_KJC_BBRUSH_21_Open_Square?$SQUARE-575x575-2X$,kylie-cosmetics
https://kyliecosmetics.com/en-us/kylie-cosmetics/shop-all,kybrow-pencil-kc285,Medium Brown Kybrow Pencil,https://kyliecosmetics.com/en-eu/kylie-cosmetics/products/kybrow-pencil-kc285/jcr:content.variantdata.json,https://kyliecosmetics.com/en-eu/kylie-cosmetics/products/kybrow-pencil-kc285,20.99,https://coty.scene7.com/is/image/cotyemea/KC-KybrowPencil-MediumBrown-EPI?$SQUARE-575x575-2X$,kylie-cosmetics
https://kyliecosmetics.com/en-us/kylie-cosmetics/shop-all,kybrow-pencil-kc286,Auburn Kybrow Pencil,https://kyliecosmetics.com/en-eu/kylie-cosmetics/products/kybrow-pencil-kc286/jcr:content.variantdata.json,https://kyliecosmetics.com/en-eu/kylie-cosmetics/products/kybrow-pencil-kc286,20.99,https://coty.scene7.com/is/image/cotyemea/KC-KybrowPencil-Auburn-EPI?$SQUARE-575x575-2X$,kylie-cosmetics
https://kyliecosmetics.com/en-us/kylie-cosmetics/shop-all,kybrow-pencil-kc287,Blonde Kybrow Pencil,https://kyliecosmetics.com/en-eu/kylie-cosmetics/products/kybrow-pencil-kc287/jcr:content.variantdata.json,https://kyliecosmetics.com/en-eu/kylie-cosmetics/products/kybrow-pencil-kc287,20.99,https://coty.scene7.com/is/image/cotyemea/KC-KybrowPencil-Blonde-EPI?$SQUARE-575x575-2X$,kylie-cosmetics
https://kyliecosmetics.com/en-us/kylie-cosmetics/shop-all,kybrow-pencil-kc288,Ebony Kybrow Pencil,https://kyliecosmetics.com/en-eu/kylie-cosmetics/products/kybrow-pencil-kc288/jcr:content.variantdata.json,https://kyliecosmetics.com/en-eu/kylie-cosmetics/products/kybrow-pencil-kc288,20.99,https://coty.scene7.com/is/image/cotyemea/KC-KybrowPencil-Ebony-EPI?$SQUARE-575x575-2X$,kylie-cosmetics
https://kyliecosmetics.com/en-us/kylie-cosmetics/shop-all,kybrow-pencil-kc289,Cool Brown Kybrow Pencil,https://kyliecosmetics.com/en-eu/kylie-cosmetics/products/kybrow-pencil-kc289/jcr:content.variantdata.json,https://kyliecosmetics.com/en-eu/kylie-cosmetics/products/kybrow-pencil-kc289,20.99,https://coty.scene7.com/is/image/cotyemea/KC-KybrowPencil-CoolBrown-EPI?$SQUARE-575x575-2X$,kylie-cosmetics
https://kyliecosmetics.com/en-us/kylie-cosmetics/shop-all,kybrow-pencil-kc290,Deep Brown Kybrow Pencil,https://kyliecosmetics.com/en-eu/kylie-cosmetics/products/kybrow-pencil-kc290/jcr:content.variantdata.json,https://kyliecosmetics.com/en-eu/kylie-cosmetics/products/kybrow-pencil-kc290,20.99,https://coty.scene7.com/is/image/cotyemea/KC-KybrowPencil-DarkBrown-EPI?$SQUARE-575x575-2X$,kylie-cosmetics
https://kyliecosmetics.com/en-us/kylie-cosmetics/shop-all,kybrow-highlighter-kc398,Deep Shimmer Kybrow Highlighter,https://kyliecosmetics.com/en-eu/kylie-cosmetics/products/kybrow-highlighter-kc398/jcr:content.variantdata.json,https://kyliecosmetics.com/en-eu/kylie-cosmetics/products/kybrow-highlighter-kc398,20.99,https://coty.scene7.com/is/image/cotyemea/KC-BrowHighlighter-DarkShimmer-EPI?$SQUARE-575x575-2X$,kylie-cosmetics
https://kyliecosmetics.com/en-us/kylie-cosmetics/shop-all,kybrow-highlighter-kc399,Light Matte Kybrow Highlighter,https://kyliecosmetics.com/en-eu/kylie-cosmetics/products/kybrow-highlighter-kc399/jcr:content.variantdata.json,https://kyliecosmetics.com/en-eu/kylie-cosmetics/products/kybrow-highlighter-kc399,20.99,https://coty.scene7.com/is/image/cotyemea/KC-BrowHighlighter-LightMatte-EPI?$SQUARE-575x575-2X$,kylie-cosmetics
https://kyliecosmetics.com/en-us/kylie-cosmetics/shop-all,kybrow-highlighter-kc400,Medium Matte Kybrow Highlighter,https://kyliecosmetics.com/en-eu/kylie-cosmetics/products/kybrow-highlighter-kc400/jcr:content.variantdata.json,https://kyliecosmetics.com/en-eu/kylie-cosmetics/products/kybrow-highlighter-kc400,20.99,https://coty.scene7.com/is/image/cotyemea/KC-BrowHighlighter-MediumMatte-EPI?$SQUARE-575x575-2X$,kylie-cosmetics
https://kyliecosmetics.com/en-us/kylie-cosmetics/shop-all,kybrow-highlighter-kc401,Deep Matte Kybrow Highlighter,https://kyliecosmetics.com/en-eu/kylie-cosmetics/products/kybrow-highlighter-kc401/jcr:content.variantdata.json,https://kyliecosmetics.com/en-eu/kylie-cosmetics/products/kybrow-highlighter-kc401,20.99,https://coty.scene7.com/is/image/cotyemea/KC-BrowHighlighter-DarkMatte-EPI?$SQUARE-575x575-2X$,kylie-cosmetics
https://kyliecosmetics.com/en-us/kylie-cosmetics/shop-all,kybrow-highlighter-kc402,Light Shimmer Kybrow Highlighter,https://kyliecosmetics.com/en-eu/kylie-cosmetics/products/kybrow-highlighter-kc402/jcr:content.variantdata.json,https://kyliecosmetics.com/en-eu/kylie-cosmetics/products/kybrow-highlighter-kc402,20.99,https://coty.scene7.com/is/image/cotyemea/KC-BrowHighlighter-LightShimmer-EPI?$SQUARE-575x575-2X$,kylie-cosmetics
https://kyliecosmetics.com/en-us/kylie-cosmetics/shop-all,kybrow-highlighter-kc403,Medium Shimmer Kybrow Highlighter,https://kyliecosmetics.com/en-eu/kylie-cosmetics/products/kybrow-highlighter-kc403/jcr:content.variantdata.json,https://kyliecosmetics.com/en-eu/kylie-cosmetics/products/kybrow-highlighter-kc403,20.99,https://coty.scene7.com/is/image/cotyemea/KC-BrowHighlighter-MediumShimmer-EPI?$SQUARE-575x575-2X$,kylie-cosmetics
https://kyliecosmetics.com/en-us/kylie-cosmetics/shop-all,kylighter-illuminating-powder-kc227,Queen Drip Kylighter Illuminating Powder,https://kyliecosmetics.com/en-eu/kylie-cosmetics/products/kylighter-illuminating-powder-kc227/jcr:content.variantdata.json,https://kyliecosmetics.com/en-eu/kylie-cosmetics/products/kylighter-illuminating-powder-kc227,29.99,https://coty.scene7.com/is/image/cotyemea/KC-Kylighter-QueenDrip-EPI?$SQUARE-575x575-2X$,kylie-cosmetics
https://kyliecosmetics.com/en-us/kylie-cosmetics/shop-all,kylighter-illuminating-powder-kc228,Quartz Kylighter Illuminating Powder,https://kyliecosmetics.com/en-eu/kylie-cosmetics/products/kylighter-illuminating-powder-kc228/jcr:content.variantdata.json,https://kyliecosmetics.com/en-eu/kylie-cosmetics/products/kylighter-illuminating-powder-kc228,29.99,https://coty.scene7.com/is/image/cotyemea/KC-Kylighter-Quartz-EPI?$SQUARE-575x575-2X$,kylie-cosmetics
https://kyliecosmetics.com/en-us/kylie-cosmetics/shop-all,kylighter-illuminating-powder-kc229,Cheers Darling Kylighter Illuminating Powder,https://kyliecosmetics.com/en-eu/kylie-cosmetics/products/kylighter-illuminating-powder-kc229/jcr:content.variantdata.json,https://kyliecosmetics.com/en-eu/kylie-cosmetics/products/kylighter-illuminating-powder-kc229,29.99,https://coty.scene7.com/is/image/cotyemea/KC-Kylighter-CheersDarling-EPI?$SQUARE-575x575-2X$,kylie-cosmetics
https://kyliecosmetics.com/en-us/kylie-cosmetics/shop-all,kylighter-illuminating-powder-kc230,Ice Me Out Kylighter Illuminating Powder,https://kyliecosmetics.com/en-eu/kylie-cosmetics/products/kylighter-illuminating-powder-kc230/jcr:content.variantdata.json,https://kyliecosmetics.com/en-eu/kylie-cosmetics/products/kylighter-illuminating-powder-kc230,29.99,https://coty.scene7.com/is/image/cotyemea/KC-Kylighter-IceMeOut-EPI?$SQUARE-575x575-2X$,kylie-cosmetics
https://kyliecosmetics.com/en-us/kylie-cosmetics/shop-all,kylighter-illuminating-powder-kc231,Cotton Candy Cream Kylighter Illuminating Powder,https://kyliecosmetics.com/en-eu/kylie-cosmetics/products/kylighter-illuminating-powder-kc231/jcr:content.variantdata.json,https://kyliecosmetics.com/en-eu/kylie-cosmetics/products/kylighter-illuminating-powder-kc231,29.99,https://coty.scene7.com/is/image/cotyemea/KC-Kylighter-CottonCandyCream-EPI?$SQUARE-575x575-2X$,kylie-cosmetics
https://kyliecosmetics.com/en-us/kylie-cosmetics/shop-all,kylighter-illuminating-powder-kc233,Dreamin Of Diamonds Kylighter Illuminating Powder,https://kyliecosmetics.com/en-eu/kylie-cosmetics/products/kylighter-illuminating-powder-kc233/jcr:content.variantdata.json,https://kyliecosmetics.com/en-eu/kylie-cosmetics/products/kylighter-illuminating-powder-kc233,29.99,https://coty.scene7.com/is/image/cotyemea/KC-Kylighter-DreaminOfDiamonds-EPI?$SQUARE-575x575-2X$,kylie-cosmetics
https://kyliecosmetics.com/en-us/kylie-cosmetics/shop-all,pressed-bronzing-powder-kc235,Tanned And Gorgeous Pressed Bronzing Powder,https://kyliecosmetics.com/en-eu/kylie-cosmetics/products/pressed-bronzing-powder-kc235/jcr:content.variantdata.json,https://kyliecosmetics.com/en-eu/kylie-cosmetics/products/pressed-bronzing-powder-kc235,22.99,https://coty.scene7.com/is/image/cotyemea/KC-Bronzer-TannedAndGorgeous-EPI?$SQUARE-575x575-2X$,kylie-cosmetics
https://kyliecosmetics.com/en-us/kylie-cosmetics/shop-all,pressed-bronzing-powder-kc236,Toasty Pressed Bronzing Powder,https://kyliecosmetics.com/en-eu/kylie-cosmetics/products/pressed-bronzing-powder-kc236/jcr:content.variantdata.json,https://kyliecosmetics.com/en-eu/kylie-cosmetics/products/pressed-bronzing-powder-kc236,22.99,https://coty.scene7.com/is/image/cotyemea/KC-Bronzer-Toasty-EPI?$SQUARE-575x575-2X$,kylie-cosmetics
https://kyliecosmetics.com/en-us/kylie-cosmetics/shop-all,pressed-bronzing-powder-kc237,Tawny Mami Pressed Bronzing Powder,https://kyliecosmetics.com/en-eu/kylie-cosmetics/products/pressed-bronzing-powder-kc237/jcr:content.variantdata.json,https://kyliecosmetics.com/en-eu/kylie-cosmetics/products/pressed-bronzing-powder-kc237,22.99,https://coty.scene7.com/is/image/cotyemea/KC-Bronzer-TawnyMami-EPI?$SQUARE-575x575-2X$,kylie-cosmetics
https://kyliecosmetics.com/en-us/kylie-cosmetics/shop-all,pressed-bronzing-powder-kc240,Almond Pressed Bronzing Powder,https://kyliecosmetics.com/en-eu/kylie-cosmetics/products/pressed-bronzing-powder-kc240/jcr:content.variantdata.json,https://kyliecosmetics.com/en-eu/kylie-cosmetics/products/pressed-bronzing-powder-kc240,22.99,https://coty.scene7.com/is/image/cotyemea/KC-Bronzer-Almond-EPI?$SQUARE-575x575-2X$,kylie-cosmetics
https://kyliecosmetics.com/en-us/kylie-cosmetics/shop-all,pressed-blush-powder-kc291,Kitten Baby Pressed Blush Powder,https://kyliecosmetics.com/en-eu/kylie-cosmetics/products/pressed-blush-powder-kc291/jcr:content.variantdata.json,https://kyliecosmetics.com/en-eu/kylie-cosmetics/products/pressed-blush-powder-kc291,22.99,https://coty.scene7.com/is/image/cotyemea/KC-Blush-KittenBaby-EPI?$SQUARE-575x575-2X$,kylie-cosmetics
https://kyliecosmetics.com/en-us/kylie-cosmetics/shop-all,pressed-blush-powder-kc292,Crush Pressed Blush Powder,https://kyliecosmetics.com/en-eu/kylie-cosmetics/products/pressed-blush-powder-kc292/jcr:content.variantdata.json,https://kyliecosmetics.com/en-eu/kylie-cosmetics/products/pressed-blush-powder-kc292,22.99,https://coty.scene7.com/is/image/cotyemea/KC-Blush-Crush-EPI?$SQUARE-575x575-2X$,kylie-cosmetics
https://kyliecosmetics.com/en-us/kylie-cosmetics/shop-all,pressed-blush-powder-kc294,We'Re Going Shopping Pressed Blush Powder,https://kyliecosmetics.com/en-eu/kylie-cosmetics/products/pressed-blush-powder-kc294/jcr:content.variantdata.json,https://kyliecosmetics.com/en-eu/kylie-cosmetics/products/pressed-blush-powder-kc294,22.99,https://coty.scene7.com/is/image/cotyemea/KC-Blush-WereGoingShopping-EPI?$SQUARE-575x575-2X$,kylie-cosmetics
https://kyliecosmetics.com/en-us/kylie-cosmetics/shop-all,pressed-blush-powder-kc295,Rosy Pressed Blush Powder,https://kyliecosmetics.com/en-eu/kylie-cosmetics/products/pressed-blush-powder-kc295/jcr:content.variantdata.json,https://kyliecosmetics.com/en-eu/kylie-cosmetics/products/pressed-blush-powder-kc295,22.99,https://coty.scene7.com/is/image/cotyemea/KC-Blush-Rosy-EPI?$SQUARE-575x575-2X$,kylie-cosmetics
https://kyliecosmetics.com/en-us/kylie-cosmetics/shop-all,pressed-blush-powder-kc297,Pink Power Pressed Blush Powder,https://kyliecosmetics.com/en-eu/kylie-cosmetics/products/pressed-blush-powder-kc297/jcr:content.variantdata.json,https://kyliecosmetics.com/en-eu/kylie-cosmetics/products/pressed-blush-powder-kc297,22.99,https://coty.scene7.com/is/image/cotyemea/KC-Blush-PinkPower-EPI?$SQUARE-575x575-2X$,kylie-cosmetics
https://kyliecosmetics.com/en-us/kylie-cosmetics/shop-all,pressed-blush-powder-kc299,Close To Perfect Pressed Blush Powder,https://kyliecosmetics.com/en-eu/kylie-cosmetics/products/pressed-blush-powder-kc299/jcr:content.variantdata.json,https://kyliecosmetics.com/en-eu/kylie-cosmetics/products/pressed-blush-powder-kc299,22.99,https://coty.scene7.com/is/image/cotyemea/KC-Blush-CloseToPerfect-EPI?$SQUARE-575x575-2X$,kylie-cosmetics
https://kyliecosmetics.com/en-us/kylie-cosmetics/shop-all,wizard-of-oz-collection-transformative-lip-tint-kc571,KYLIE WIZARD OF OZ TRANSFORMATIVE LIQUID LIP TINT,https://kyliecosmetics.com/en-eu/kylie-cosmetics/products/wizard-of-oz-collection-transformative-lip-tint-kc571/jcr:content.variantdata.json,https://kyliecosmetics.com/en-eu/kylie-cosmetics/products/wizard-of-oz-collection-transformative-lip-tint-kc571,23.99,https://coty.scene7.com/is/image/cotyemea/KJC_HOLIDAY_WOZ_22_Transformative_Lip_Tint_ProductandPack_V3?$SQUARE-575x575-2X$,kylie-cosmetics
https://kyliecosmetics.com/en-us/kylie-cosmetics/shop-all,wizard-of-oz-collection-bundle,Wizard of Oz collection bundle,https://kyliecosmetics.com/en-eu/kylie-cosmetics/products/wizard-of-oz-collection-bundle/jcr:content.variantdata.json,https://kyliecosmetics.com/en-eu/kylie-cosmetics/products/wizard-of-oz-collection-bundle,168.95,https://coty.scene7.com/is/image/cotyemea/KJC_HOLIDAY_WOZ_22_CP_05_WS?$SQUARE-575x575-2X$,kylie-cosmetics
https://kyliecosmetics.com/en-us/kylie-cosmetics/shop-all,kris-collection-bundle,KRIS BUNDLE,https://kyliecosmetics.com/en-eu/kylie-cosmetics/products/kris-collection-bundle/jcr:content.variantdata.json,https://kyliecosmetics.com/en-eu/kylie-cosmetics/products/kris-collection-bundle,139,https://coty.scene7.com/is/image/cotyemea/KJC_KRIS_22_CP_01_WS?$SQUARE-575x575-2X$,kylie-cosmetics
https://kyliecosmetics.com/en-us/kylie-cosmetics/shop-all,lip-blush-kit-kc551,Sister Sister Lip Blush Kit,https://kyliecosmetics.com/en-eu/kylie-cosmetics/products/lip-blush-kit-kc551/jcr:content.variantdata.json,https://kyliecosmetics.com/en-eu/kylie-cosmetics/products/lip-blush-kit-kc551,31.99,https://coty.scene7.com/is/image/cotyemea/KJC_LBLK_22_Lip Close Ups_Sister Sister_02?$SQUARE-575x575-2X$,kylie-cosmetics
https://kyliecosmetics.com/en-us/kylie-cosmetics/shop-all,birthday-bundle,Birthday Bundle,https://kyliecosmetics.com/en-eu/kylie-cosmetics/products/birthday-bundle/jcr:content.variantdata.json,https://kyliecosmetics.com/en-eu/kylie-cosmetics/products/birthday-bundle,65.99,https://coty.scene7.com/is/image/cotyemea/KJC_BDAY_22_Bundle_Open?$SQUARE-575x575-2X$,kylie-cosmetics
https://kyliecosmetics.com/en-us/kylie-cosmetics/shop-all,gloss-drip-kc549,Stop Staring Gloss drip,https://kyliecosmetics.com/en-eu/kylie-cosmetics/products/gloss-drip-kc549/jcr:content.variantdata.json,https://kyliecosmetics.com/en-eu/kylie-cosmetics/products/gloss-drip-kc549,15.99,https://coty.scene7.com/is/image/cotyemea/KJC_SUMMER_22_Gloss_Drip_Stop_Staring_EPI?$SQUARE-575x575-2X$,kylie-cosmetics
https://kyliecosmetics.com/en-us/kylie-cosmetics/shop-all,gloss-drip-kc547,Underestimated Gloss drip,https://kyliecosmetics.com/en-eu/kylie-cosmetics/products/gloss-drip-kc547/jcr:content.variantdata.json,https://kyliecosmetics.com/en-eu/kylie-cosmetics/products/gloss-drip-kc547,15.99,https://coty.scene7.com/is/image/cotyemea/KJC_SUMMER_22_Gloss_Drip_Underestimated_EPI?$SQUARE-575x575-2X$,kylie-cosmetics
https://kyliecosmetics.com/en-us/kylie-cosmetics/shop-all,gloss-drip-kc546,Besitos Gloss drip,https://kyliecosmetics.com/en-eu/kylie-cosmetics/products/gloss-drip/jcr:content.variantdata.json,https://kyliecosmetics.com/en-eu/kylie-cosmetics/products/gloss-drip,15.99,https://coty.scene7.com/is/image/cotyemea/KJC_SUMMER_22_Gloss_Drip_Besitos_EPI?$SQUARE-575x575-2X$,kylie-cosmetics
https://kyliecosmetics.com/en-us/kylie-cosmetics/shop-all,gloss-drip-kc548,Match My Energy Gloss drip,https://kyliecosmetics.com/en-eu/kylie-cosmetics/products/gloss-drip-kc548/jcr:content.variantdata.json,https://kyliecosmetics.com/en-eu/kylie-cosmetics/products/gloss-drip-kc548,15.99,https://coty.scene7.com/is/image/cotyemea/KJC_SUMMER_22_Gloss_Drip_Match_My_Energy_EPI?$SQUARE-575x575-2X$,kylie-cosmetics
https://kyliecosmetics.com/en-us/kylie-cosmetics/shop-all,lip-and-cheek-glow-balm-kc542,Feelings Neutral Lip & Cheek Glow Balm,https://kyliecosmetics.com/en-eu/kylie-cosmetics/products/lip-and-cheek-glow-balm-kc542/jcr:content.variantdata.json,https://kyliecosmetics.com/en-eu/kylie-cosmetics/products/lip-and-cheek-glow-balm-kc542,18.99,https://coty.scene7.com/is/image/cotyemea/KJC_SUMMER_22_Lip_Cheek_Glow_Balm_Feeling_Neutral_Open?$SQUARE-575x575-2X$https://coty.scene7.com/is/image/cotyemea/KJC_SUMMER_22_Lip_Cheek_Glow_Balm_Feeling_Neutral_Open?$SQUARE-575x575-2X$https://coty.scene7.com/is/image/cotyemea/KJC_SUMMER_22_Lip_Cheek_Glow_Balm_Feeling_Neutral_Open?$SQUARE-575x575-2X$,kylie-cosmetics
https://kyliecosmetics.com/en-us/kylie-cosmetics/shop-all,lip-and-cheek-glow-balm-kc543,Pink Me Up Lip & Cheek Glow Balm,https://kyliecosmetics.com/en-eu/kylie-cosmetics/products/lip-and-cheek-glow-balm-kc543/jcr:content.variantdata.json,https://kyliecosmetics.com/en-eu/kylie-cosmetics/products/lip-and-cheek-glow-balm-kc543,18.99,https://coty.scene7.com/is/image/cotyemea/KJC_SUMMER_22_Lip_Cheek_Glow_Balm_Pink_Me_Up_Open?$SQUARE-575x575-2X$https://coty.scene7.com/is/image/cotyemea/KJC_SUMMER_22_Lip_Cheek_Glow_Balm_Pink_Me_Up_Open?$SQUARE-575x575-2X$,kylie-cosmetics
https://kyliecosmetics.com/en-us/kylie-cosmetics/shop-all,lip-and-cheek-glow-balm-kc544,Doin The Most Lip & Cheek Glow Balm,https://kyliecosmetics.com/en-eu/kylie-cosmetics/products/lip-and-cheek-glow-balm-kc544/jcr:content.variantdata.json,https://kyliecosmetics.com/en-eu/kylie-cosmetics/products/lip-and-cheek-glow-balm-kc544,18.99,https://coty.scene7.com/is/image/cotyemea/KJC_SUMMER_22_Lip_Cheek_Glow_Balm_Doin_The_Most_Open?$SQUARE-575x575-2X$,kylie-cosmetics
https://kyliecosmetics.com/en-us/kylie-cosmetics/shop-all,stassie-collection-liquid-eyeliner-pen-blue-eyed-babe-kc491,STASSIE x KYLIE LIQUID EYELINER PEN BLUE EYED BABE,https://kyliecosmetics.com/en-eu/kylie-cosmetics/products/stassie-collection-liquid-eyeliner-pen-blue-eyed-babe-kc491/jcr:content.variantdata.json,https://kyliecosmetics.com/en-eu/kylie-cosmetics/products/stassie-collection-liquid-eyeliner-pen-blue-eyed-babe-kc491,19.99,https://coty.scene7.com/is/image/cotyemea/KJC_STASSKYL_22_Eye_Liner_BlueEyedBabe_0.05oz_Plus_Pack?$SQUARE-575x575-2X$,kylie-cosmetics
https://kyliecosmetics.com/en-us/kylie-cosmetics/shop-all,matte-lip-kit-kc106,Brown Sugar Matte Lip Kit,https://kyliecosmetics.com/en-eu/kylie-cosmetics/products/matte-lip-kit-kc106/jcr:content.variantdata.json,https://kyliecosmetics.com/en-eu/kylie-cosmetics/products/matte-lip-kit-kc106,31.99,https://coty.scene7.com/is/image/cotyemea/05-17-2021 Kylie Cosmetics6881brown sugar - medium-2-1?$SQUARE-575x575-2X$,kylie-cosmetics
https://kyliecosmetics.com/en-us/kylie-cosmetics/shop-all,matte-lip-kit-kc108,True Brown K Matte Lip Kit,https://kyliecosmetics.com/en-eu/kylie-cosmetics/products/matte-lip-kit-kc108/jcr:content.variantdata.json,https://kyliecosmetics.com/en-eu/kylie-cosmetics/products/matte-lip-kit-kc108,31.99,https://coty.scene7.com/is/image/cotyemea/05-21-2021 Kylie Cosmetics 942true brown k- medium?$SQUARE-575x575-2X$,kylie-cosmetics
https://kyliecosmetics.com/en-us/kylie-cosmetics/shop-all,matte-lip-kit-kc114,Kristen Matte Lip Kit,https://kyliecosmetics.com/en-eu/kylie-cosmetics/products/matte-lip-kit-kc114/jcr:content.variantdata.json,https://kyliecosmetics.com/en-eu/kylie-cosmetics/products/matte-lip-kit-kc114,31.99,https://coty.scene7.com/is/image/cotyemea/05-21-2021 Kylie Cosmetics 648kristen- medium-1?$SQUARE-575x575-2X$,kylie-cosmetics
https://kyliecosmetics.com/en-us/kylie-cosmetics/shop-all,matte-lip-kit-kc121,Snow Way Bae Matte Lip Kit,https://kyliecosmetics.com/en-eu/kylie-cosmetics/products/matte-lip-kit-kc121/jcr:content.variantdata.json,https://kyliecosmetics.com/en-eu/kylie-cosmetics/products/matte-lip-kit-kc121,31.99,https://coty.scene7.com/is/image/cotyemea/05-21-2021 Kylie Cosmetics3831snow way bae- medium 12.57.12 PM?$SQUARE-575x575-2X$,kylie-cosmetics
https://kyliecosmetics.com/en-us/kylie-cosmetics/shop-all,matte-lip-kit-kc128,Leo Matte Lip Kit,https://kyliecosmetics.com/en-eu/kylie-cosmetics/products/matte-lip-kit-kc128/jcr:content.variantdata.json,https://kyliecosmetics.com/en-eu/kylie-cosmetics/products/matte-lip-kit-kc128,31.99,https://coty.scene7.com/is/image/cotyemea/05-21-2021 Kylie Cosmetics4254leo- medium 12.57.12 PM?$SQUARE-575x575-2X$,kylie-cosmetics
https://kyliecosmetics.com/en-us/kylie-cosmetics/shop-all,matte-lip-kit-kc131,Clove Matte Lip Kit,https://kyliecosmetics.com/en-eu/kylie-cosmetics/products/matte-lip-kit-kc131/jcr:content.variantdata.json,https://kyliecosmetics.com/en-eu/kylie-cosmetics/products/matte-lip-kit-kc131,31.99,https://coty.scene7.com/is/image/cotyemea/05-21-2021 Kylie Cosmetics4225clove- medium 12.57.12 PM?$SQUARE-575x575-2X$,kylie-cosmetics
https://kyliecosmetics.com/en-us/kylie-cosmetics/shop-all,matte-lip-kit-kc133,Posie K Matte Lip Kit,https://kyliecosmetics.com/en-eu/kylie-cosmetics/products/matte-lip-kit-kc133/jcr:content.variantdata.json,https://kyliecosmetics.com/en-eu/kylie-cosmetics/products/matte-lip-kit-kc133,31.99,https://coty.scene7.com/is/image/cotyemea/05-21-2021 Kylie Cosmetics3712posie k- medium 12.57.12 PM-1?$SQUARE-575x575-2X$,kylie-cosmetics
https://kyliecosmetics.com/en-us/kylie-cosmetics/shop-all,matte-lip-kit-kc249,Exposed Matte Lip Kit,https://kyliecosmetics.com/en-eu/kylie-cosmetics/products/matte-lip-kit-kc249/jcr:content.variantdata.json,https://kyliecosmetics.com/en-eu/kylie-cosmetics/products/matte-lip-kit-kc249,31.99,https://coty.scene7.com/is/image/cotyemea/05-21-2021 Kylie Cosmetics4009exposed- medium 12.57.12 PM?$SQUARE-575x575-2X$,kylie-cosmetics
https://kyliecosmetics.com/en-us/kylie-cosmetics/shop-all,lip-liner-kc191,Forever And Always Lip Liner,https://kyliecosmetics.com/en-eu/kylie-cosmetics/products/lip-liner-kc191/jcr:content.variantdata.json,https://kyliecosmetics.com/en-eu/kylie-cosmetics/products/lip-liner-kc191,14.99,https://coty.scene7.com/is/image/cotyemea/KC-LipLiner-ForeverAndAlways-EPI?$SQUARE-575x575-2X$,kylie-cosmetics
https://kyliecosmetics.com/en-us/kylie-cosmetics/shop-all,lip-liner-kc192,Coconut Lip Liner,https://kyliecosmetics.com/en-eu/kylie-cosmetics/products/lip-liner-kc192/jcr:content.variantdata.json,https://kyliecosmetics.com/en-eu/kylie-cosmetics/products/lip-liner-kc192,14.99,https://coty.scene7.com/is/image/cotyemea/KC-LipLiner-Coconut-EPI?$SQUARE-575x575-2X$,kylie-cosmetics
https://kyliecosmetics.com/en-us/kylie-cosmetics/shop-all,lip-liner-kc193,Caramel Lip Liner,https://kyliecosmetics.com/en-eu/kylie-cosmetics/products/lip-liner/jcr:content.variantdata.json,https://kyliecosmetics.com/en-eu/kylie-cosmetics/products/lip-liner,14.99,https://coty.scene7.com/is/image/cotyemea/KC-LipLiner-Caramel-EPI?$SQUARE-575x575-2X$,kylie-cosmetics
https://kyliecosmetics.com/en-us/kylie-cosmetics/shop-all,lip-liner-kc194,Iced Latte Lip Liner,https://kyliecosmetics.com/en-eu/kylie-cosmetics/products/lip-liner-kc194/jcr:content.variantdata.json,https://kyliecosmetics.com/en-eu/kylie-cosmetics/products/lip-liner-kc194,14.99,https://coty.scene7.com/is/image/cotyemea/KC-LipLiner-IcedLatte-EPI?$SQUARE-575x575-2X$,kylie-cosmetics
https://kyliecosmetics.com/en-us/kylie-cosmetics/shop-all,lip-liner-kc195,Hot Chai Lip Liner,https://kyliecosmetics.com/en-eu/kylie-cosmetics/products/lip-liner-kc195/jcr:content.variantdata.json,https://kyliecosmetics.com/en-eu/kylie-cosmetics/products/lip-liner-kc195,14.99,https://coty.scene7.com/is/image/cotyemea/KC-LipLiner-HotChai-EPI?$SQUARE-575x575-2X$,kylie-cosmetics
https://kyliecosmetics.com/en-us/kylie-cosmetics/shop-all,lip-liner-kc196,Handbag Ho Lip Liner,https://kyliecosmetics.com/en-eu/kylie-cosmetics/products/lip-liner-kc196/jcr:content.variantdata.json,https://kyliecosmetics.com/en-eu/kylie-cosmetics/products/lip-liner-kc196,14.99,https://coty.scene7.com/is/image/cotyemea/KC-LipLiner-HandBagHo-EPI?$SQUARE-575x575-2X$,kylie-cosmetics
https://kyliecosmetics.com/en-us/kylie-cosmetics/shop-all,lip-liner-kc198,Souffle Lip Liner,https://kyliecosmetics.com/en-eu/kylie-cosmetics/products/lip-liner-kc198/jcr:content.variantdata.json,https://kyliecosmetics.com/en-eu/kylie-cosmetics/products/lip-liner-kc198,14.99,https://coty.scene7.com/is/image/cotyemea/KC-LipLiner-Souffle-EPI?$SQUARE-575x575-2X$,kylie-cosmetics
https://kyliecosmetics.com/en-us/kylie-cosmetics/shop-all,kybrow-pomade-kc241,Cool Brown Kybrow Pomade,https://kyliecosmetics.com/en-eu/kylie-cosmetics/products/kybrow-pomade/jcr:content.variantdata.json,https://kyliecosmetics.com/en-eu/kylie-cosmetics/products/kybrow-pomade,22.99,https://coty.scene7.com/is/image/cotyemea/KC-KybrowPomade-CoolBrown-EPI?$SQUARE-575x575-2X$,kylie-cosmetics
https://kyliecosmetics.com/en-us/kylie-cosmetics/shop-all,kybrow-pomade-kc242,Auburn Kybrow Pomade,https://kyliecosmetics.com/en-eu/kylie-cosmetics/products/kybrow-pomade-kc242/jcr:content.variantdata.json,https://kyliecosmetics.com/en-eu/kylie-cosmetics/products/kybrow-pomade-kc242,22.99,https://coty.scene7.com/is/image/cotyemea/KC-KybrowPomade-Auburn-EPI?$SQUARE-575x575-2X$,kylie-cosmetics
https://kyliecosmetics.com/en-us/kylie-cosmetics/shop-all,kybrow-pomade-kc243,Blonde Kybrow Pomade,https://kyliecosmetics.com/en-eu/kylie-cosmetics/products/kybrow-pomade-kc243/jcr:content.variantdata.json,https://kyliecosmetics.com/en-eu/kylie-cosmetics/products/kybrow-pomade-kc243,22.99,https://coty.scene7.com/is/image/cotyemea/KC-KybrowPomade-Blonde-EPI?$SQUARE-575x575-2X$,kylie-cosmetics
https://kyliecosmetics.com/en-us/kylie-cosmetics/shop-all,kybrow-pomade-kc244,Deep Brown Kybrow Pomade,https://kyliecosmetics.com/en-eu/kylie-cosmetics/products/kybrow-pomade-kc244/jcr:content.variantdata.json,https://kyliecosmetics.com/en-eu/kylie-cosmetics/products/kybrow-pomade-kc244,22.99,https://coty.scene7.com/is/image/cotyemea/KC-KybrowPomade-DarkBrown-EPI?$SQUARE-575x575-2X$,kylie-cosmetics
https://kyliecosmetics.com/en-us/kylie-cosmetics/shop-all,kybrow-pomade-kc245,Ebony Kybrow Pomade,https://kyliecosmetics.com/en-eu/kylie-cosmetics/products/kybrow-pomade-kc245/jcr:content.variantdata.json,https://kyliecosmetics.com/en-eu/kylie-cosmetics/products/kybrow-pomade-kc245,22.99,https://coty.scene7.com/is/image/cotyemea/KC-KybrowPomade-Ebony-EPI?$SQUARE-575x575-2X$,kylie-cosmetics
https://kyliecosmetics.com/en-us/kylie-cosmetics/shop-all,kybrow-pomade-kc246,Medium Brown Kybrow Pomade,https://kyliecosmetics.com/en-eu/kylie-cosmetics/products/kybrow-pomade-kc246/jcr:content.variantdata.json,https://kyliecosmetics.com/en-eu/kylie-cosmetics/products/kybrow-pomade-kc246,22.99,https://coty.scene7.com/is/image/cotyemea/KC-KybrowPomade-MediumBrown-EPI?$SQUARE-575x575-2X$,kylie-cosmetics
https://kyliecosmetics.com/en-us/kylie-cosmetics/shop-all,kylighter-illuminating-powder-kc232,Salted Caramel Kylighter Illuminating Powder,https://kyliecosmetics.com/en-eu/kylie-cosmetics/products/kylighter-illuminating-powder-kc232/jcr:content.variantdata.json,https://kyliecosmetics.com/en-eu/kylie-cosmetics/products/kylighter-illuminating-powder-kc232,29.99,https://coty.scene7.com/is/image/cotyemea/KC-Kylighter-SaltedCaramel-EPI?$SQUARE-575x575-2X$,kylie-cosmetics
https://kyliecosmetics.com/en-us/kylie-cosmetics/shop-all,kylighter-illuminating-powder-kc234,Princess Please Kylighter Illuminating Powder,https://kyliecosmetics.com/en-eu/kylie-cosmetics/products/kylighter-illuminating-powder-kc234/jcr:content.variantdata.json,https://kyliecosmetics.com/en-eu/kylie-cosmetics/products/kylighter-illuminating-powder-kc234,28.99,https://coty.scene7.com/is/image/cotyemea/KC-Kylighter-PrincessPlease-EPI?$SQUARE-575x575-2X$,kylie-cosmetics
https://kyliecosmetics.com/en-us/kylie-cosmetics/shop-all,pressed-bronzing-powder-kc238,Tequila Tan Pressed Bronzing Powder,https://kyliecosmetics.com/en-eu/kylie-cosmetics/products/pressed-bronzing-powder-kc238/jcr:content.variantdata.json,https://kyliecosmetics.com/en-eu/kylie-cosmetics/products/pressed-bronzing-powder-kc238,22.99,https://coty.scene7.com/is/image/cotyemea/KC-Bronzer-TequilaTan-EPI?$SQUARE-575x575-2X$,kylie-cosmetics
https://kyliecosmetics.com/en-us/kylie-cosmetics/shop-all,pressed-bronzing-powder-kc239,Khaki Pressed Bronzing Powder,https://kyliecosmetics.com/en-eu/kylie-cosmetics/products/pressed-bronzing-powder-kc239/jcr:content.variantdata.json,https://kyliecosmetics.com/en-eu/kylie-cosmetics/products/pressed-bronzing-powder-kc239,22.99,https://coty.scene7.com/is/image/cotyemea/KC-Bronzer-Khaki-EPI?$SQUARE-575x575-2X$,kylie-cosmetics
https://kyliecosmetics.com/en-us/kylie-cosmetics/shop-all,pressed-blush-powder-kc293,Winter Kissed Pressed Blush Powder,https://kyliecosmetics.com/en-eu/kylie-cosmetics/products/pressed-blush-powder-kc293/jcr:content.variantdata.json,https://kyliecosmetics.com/en-eu/kylie-cosmetics/products/pressed-blush-powder-kc293,22.99,https://coty.scene7.com/is/image/cotyemea/KC-Blush-WinterKissed-EPI?$SQUARE-575x575-2X$,kylie-cosmetics
https://kyliecosmetics.com/en-us/kylie-cosmetics/shop-all,pressed-blush-powder-kc296,Baddie On The Block Pressed Blush Powder,https://kyliecosmetics.com/en-eu/kylie-cosmetics/products/pressed-blush-powder-kc296/jcr:content.variantdata.json,https://kyliecosmetics.com/en-eu/kylie-cosmetics/products/pressed-blush-powder-kc296,22.99,https://coty.scene7.com/is/image/cotyemea/KC-Blush-BaddieOnTheBlock-EPI?$SQUARE-575x575-2X$,kylie-cosmetics
https://kyliecosmetics.com/en-us/kylie-cosmetics/shop-all,pressed-blush-powder-kc298,Pink Dreams Pressed Blush Powder,https://kyliecosmetics.com/en-eu/kylie-cosmetics/products/pressed-blush-powder/jcr:content.variantdata.json,https://kyliecosmetics.com/en-eu/kylie-cosmetics/products/pressed-blush-powder,22.99,https://coty.scene7.com/is/image/cotyemea/KC-Blush-PinkDreams-EPI?$SQUARE-575x575-2X$,kylie-cosmetics
