landinUrl,name,space,image,Bread,stock,price,Processor,Graphics,Display,Memory,Storage
https://www.lenovo.com/us/en/p/laptops/thinkpad/thinkpadx1/ThinkPad-X1-Carbon-Gen-10-(14-inch-Intel)/LEN101T0009,ThinkPad X1 Carbon Gen 10 (14” Intel) Laptop,"PCMag.com Editors' Choice: ""The world's best laptop""Powered by up to 12th Gen Intel® Core™ vPro® processorsUp to Intel vPro®, An Intel® Evo™ DesignRedesigned the keys to create better airflowNew rear exhaust ventilationA transformed camera to a new Communications BarPerfect for multitasking and heavy workloadsRobust security includes Tile® tracking technologyMilitary spec tested for durability and extreme conditionsA great Laptop for on-the-go business professionals and students",https://p3-ofp.static.pub/ShareResource/na/subseries/hero/lenovo-thinkpad-x1-carbon-with-badge-hero.png||https://p2-ofp.static.pub/fes/cms/2021/12/06/mx03w5ayvzrmg3awk64hv2zy94gu1z937312.png||https://p4-ofp.static.pub/fes/cms/2021/12/06/ad3fjq37zft41uts5xwn2kjtbk0ikl944813.png||https://p3-ofp.static.pub/fes/cms/2021/12/06/8ocvxpnudk8br1fsr7lpuh2je8d07i904957.png||https://p4-ofp.static.pub/fes/cms/2021/12/06/bcmahhv45hphpddibhgm8btc9ii3mf794235.png||https://p3-ofp.static.pub/fes/cms/2021/12/06/g9lhh5r9xbqkr6thbahj8kri7k21zo983043.png||https://p4-ofp.static.pub/fes/cms/2021/12/06/jshbean8xliiko2ci4be0ohj64ysdv061875.png||https://p2-ofp.static.pub/fes/cms/2021/12/06/4lfek56qfe9mu6q0u2bnpndn0au87j571973.png||https://p3-ofp.static.pub/fes/cms/2021/12/06/u57uziyb1n86qi1ns561roxvys34yf949564.png||https://p1-ofp.static.pub/fes/cms/2021/12/06/6cl597sdqdhk5np2r33tg4fxuky7s3555021.png||https://p3-ofp.static.pub/fes/cms/2021/12/06/wcs9q5kkp5mgzsxilg743z4dxjg42d649483.png,Home>Laptops>ThinkPad>X1 Series,"In Stock,",1164.5,"12th Generation Intel® Core™ i5-1235U Processor (E-Core Max 3.30 GHz, P-Core Max 4.40 GHz with Turbo Boost, 10 Cores, 12 Threads, 12 MB Cache)12th Generation Intel® Core™ i5-1240P Processor (E-Core Max 3.30 GHz, P-Core Max 4.40 GHz with Turbo Boost, 12 Cores, 16 Threads, 12 MB Cache)12th Generation Intel® Core™ i5-1250P Processor with vPro® (E-Core Max 3.30 GHz, P-Core Max 4.40 GHz with Turbo Boost, 12 Cores, 16 Threads, 12 MB Cache)12th Generation Intel® Core™ i7-1260P Processor (E-Core Max 3.40 GHz, P-Core Max 4.70 GHz with Turbo Boost, 12 Cores, 16 Threads, 18 MB Cache)12th Generation Intel® Core™ i7-1270P Processor with vPro® (E-Core Max 3.50 GHz, P-Core Max 4.80 GHz with Turbo Boost, 12 Cores, 16 Threads, 18 MB Cache)12th Generation Intel® Core™ i7-1280P Processor with vPro® (E-Core Max 3.60 GHz, P-Core Max 4.80 GHz with Turbo Boost, 14 Cores, 20 Threads, 24 MB Cache)",,,,
https://www.lenovo.com/us/en/p/laptops/thinkpad/thinkpadt/ThinkPad-T14-Gen-3-(14-inch-Intel)/LEN101T0014,ThinkPad T14 Gen 3 (14” Intel) Laptop,"Powerful, durable 14'' business laptop with high-performance Intel® vPro® & optional discrete graphicsSustainably made & packaged with recycled content, including plastic bottles & forest materialsImpressive 16:10 aspect ratio displays with up to 84% screen-to-bodyLightning-quick memory & storage, with high-speed Intel® WiFi 6E*Digital wellness features, plus optional WQUXGA touchscreen with Dolby Vision™",https:https://p2-ofp.static.pub/ShareResource/na/subseries/hero/lenovo-thinkpad-t14-gen3-amd-thunder-black.png||https://p1-ofp.static.pub/fes/cms/2022/02/14/fo70aiu32skksoqljgggl5cvpd72mb148531.jpg||https://p3-ofp.static.pub/fes/cms/2022/02/14/r1xn2d11p6l4ykfzs7qgu3fr3lj6yg955067.jpg||https://p4-ofp.static.pub/fes/cms/2022/02/14/4107r2mr99xy811qoear9fvizfqdpv511624.jpg||https://p3-ofp.static.pub/fes/cms/2022/02/14/hlbcuq16zm8llt61nmkc28ui99ao2r509698.jpg||https://p4-ofp.static.pub/fes/cms/2022/02/14/h94675fpm8743acwoq2vubjouo6m44051684.jpg||https://p1-ofp.static.pub/fes/cms/2022/02/14/qg4cun5jfznjmzv9mfowv7lmwg2845943234.jpg||https://p1-ofp.static.pub/fes/cms/2022/02/14/nqwsdpap4v76dfvy856okhq09505lz848150.jpg||https://p1-ofp.static.pub/fes/cms/2022/02/14/vvqun2o0arp82fsotj738pqktv6quq790526.jpg||https://p3-ofp.static.pub/fes/cms/2022/02/14/e9qeyuq7mywxne4iivmjqk7fbtar86997810.jpg,Home>Laptops>ThinkPad>T Series,"In Stock,",1012.32,,,,,
https://www.lenovo.com/us/en/p/laptops/thinkpad/thinkpadx1/X1-Carbon-Gen9/22TP2X1X1C9,"ThinkPad X1 Carbon Gen 9 (14"", Intel) Laptop","Designed on Intel® Evo™ vPro® platformUltrathin & ultralight redesigned chassisA host of new features that add convenience, improved technologyAn impressive 16:10 displayA wider TouchPadA larger battery for more time unpluggedRear ventilation to improve efficiencyA super-responsive laptop that's ready whenever you need it",https://p1-ofp.static.pub/fes/cms/2022/03/17/pw5jy11vn8u0jbi3rdu3aq1ij4bl15411237.png||https://p2-ofp.static.pub/fes/cms/2022/06/20/g4nk5et79ttexxa6fx6ps2onyulvy3083181.png||https://p4-ofp.static.pub/fes/cms/2022/06/20/u80b4v17uyw5gc2s1shrqun8u7i7fm379839.png||https://p3-ofp.static.pub/fes/cms/2022/06/20/g93xlao5mnkofe1tn12c0h8jgmyz5p213417.png||https://p1-ofp.static.pub/fes/cms/2022/06/20/uepq5x3us4vznf3dnomddpmw6m7fl9827886.png||https://p2-ofp.static.pub/fes/cms/2022/06/20/nspn1wrs0l3cosodq850ss8hv0p5yy705197.png||https://p1-ofp.static.pub/fes/cms/2022/06/20/1zkqoabvzhwrx9uh2p4cwi64tfb1k0528871.png||https://p3-ofp.static.pub/fes/cms/2022/06/20/66tadoal71u68zwnq7bqtgyw7ucreu569147.png||https://p4-ofp.static.pub/fes/cms/2022/06/20/ay91ormjt1aedcru6n8wlx5s357xm9019550.png,Home>Laptops>ThinkPad>X1 Series,"In Stock,",987.6,"11th Generation Intel® Core™ i5-1135G7 Processor (2.40 GHz, up to 4.20 GHz with Turbo Boost, 4 Cores, 8 Threads, 8 MB Cache)11th Generation Intel® Core™ i5-1145G7 Processor with vPro® (2.60 GHz, up to 4.40 GHz with Turbo Boost, 4 Cores, 8 Threads, 8 MB Cache)11th Generation Intel® Core™ i7-1165G7 Processor (2.80 GHz, up to 4.70 GHz with Turbo Boost, 4 Cores, 8 Threads, 12 MB Cache)11th Generation Intel® Core™ i7-1185G7 Processor with vPro® (3.00 GHz, up to 4.80 GHz with Turbo Boost, 4 Cores, 8 Threads, 12 MB Cache)",,,,
https://www.lenovo.com/us/en/p/laptops/thinkpad/thinkpadt/ThinkPad-T16-(16-inch-Intel)/LEN101T0017,ThinkPad T16 (16” Intel) Laptop,"Powerful 16"" Intel® vPro® business laptop with optional NVIDIA® GeForce® discrete graphicsWith a larger display plus new features, this business laptop follows its predecessor, the T15 Gen 2.Sustainably made with recycled consumer content & sustainable plastic-free packagingImpressive screen-to-body ratio (up to 85%) and multiple 16:10 aspect ratio display optionsBuilt-in digital wellness features to help prevent eye strain & poor postureLightning-quick memory, storage, & connectivity, including 4G & WiFi 6E*",https://p2-ofp.static.pub/ShareResource/na/subseries/hero/lenovo-thinkpad-t16-16inch-intel-black.png||https://p2-ofp.static.pub/ShareResource/na/subseries/hero/lenovo-thinkpad-t16-black-01.png||https://p1-ofp.static.pub/ShareResource/na/subseries/hero/lenovo-thinkpad-t16-black-02.png||https://p2-ofp.static.pub/ShareResource/na/subseries/hero/lenovo-thinkpad-t16-black-03.png||https://p2-ofp.static.pub/ShareResource/na/subseries/hero/lenovo-thinkpad-t16-black-04.png||https://p3-ofp.static.pub/ShareResource/na/subseries/hero/lenovo-thinkpad-t16-black-05.png||https://p4-ofp.static.pub/ShareResource/na/subseries/hero/lenovo-thinkpad-t16-black-06.png||https://p3-ofp.static.pub/ShareResource/na/subseries/hero/lenovo-thinkpad-t16-black-07.png||https://p1-ofp.static.pub/ShareResource/na/subseries/hero/lenovo-thinkpad-t16-black-08.png||https://p4-ofp.static.pub/ShareResource/na/subseries/hero/lenovo-thinkpad-t16-black-09.png||https://p3-ofp.static.pub/ShareResource/na/subseries/hero/lenovo-thinkpad-t16-black-10.png,Home>Laptops>ThinkPad>T Series,"In Stock,",1055.52,"12th Generation Intel® Core™ i5-1235U Processor (E-Core Max 3.30 GHz, P-Core Max 4.40 GHz with Turbo Boost, 10 Cores, 12 Threads, 12 MB Cache)12th Generation Intel® Core™ i5-1240P Processor (E-Core Max 3.30 GHz, P-Core Max 4.40 GHz with Turbo Boost, 12 Cores, 16 Threads, 12 MB Cache)12th Generation Intel® Core™ i5-1245U vPro® Processor (E-Core Max 3.30 GHz, P-Core Max 4.40 GHz with Turbo Boost, 10 Cores, 12 Threads, 12 MB Cache)12th Generation Intel® Core™ i5-1250P Processor with vPro® (E-Core Max 3.30 GHz, P-Core Max 4.40 GHz with Turbo Boost, 12 Cores, 16 Threads, 12 MB Cache)12th Generation Intel® Core™ i7-1255U Processor (E-Core Max 3.50 GHz, P-Core Max 4.70 GHz with Turbo Boost, 10 Cores, 12 Threads, 12 MB Cache)12th Generation Intel® Core™ i7-1260P Processor (E-Core Max 3.40 GHz, P-Core Max 4.70 GHz with Turbo Boost, 12 Cores, 16 Threads, 18 MB Cache)12th Generation Intel® Core™ i7-1270P vPro® Processor (E-Core Max 3.50 GHz, P-Core Max 4.80 GHz with Turbo Boost, 12 Cores, 16 Threads, 18 MB Cache)",,,,
https://www.lenovo.com/us/en/p/laptops/thinkpad/thinkpadt/ThinkPad-T14s-Gen-3-(14-inch-AMD)/LEN101T0015,ThinkPad T14s Gen 3 (14” AMD) Laptop,"Slim, light, & powerful 14"" AMD business laptop with integrated AMD Radeon™ graphicsSustainably made & packaged with recycled content & natural materialsExpansive 16:10 aspect ratio displays with huge screen-to-body ratiosDolby Audio™ speaker system with Dolby Voice®, optional 2.8K OLED screen with Dolby Vision™Superb connectivity, including Wi-Fi 6E option, plus array of ports includes HDMI & USB-C 4.0",https://p4-ofp.static.pub/fes/cms/2022/02/11/onxcw6j4tzsyoqw8runm9baatti03h520849.png||https://p4-ofp.static.pub/fes/cms/2022/02/11/iwffeocomzkycku2j9xjzewnaflcxt684728.png||https://p2-ofp.static.pub/fes/cms/2022/02/11/w6gvz399opxp8oq9el5gjhzvgr4mui743422.png||https://p2-ofp.static.pub/fes/cms/2022/02/11/yfyiiinhqasmyziy55gbvulxdt8bex201422.png||https://p2-ofp.static.pub/fes/cms/2022/02/11/ikb8d7tpeue5nzd6zb6eglhlf9o6kn320474.png||https://p4-ofp.static.pub/fes/cms/2022/02/11/uq29mqdgcethdfy9wpig38wlnrf5g7574100.png||https://p1-ofp.static.pub/fes/cms/2022/02/11/0tmyk1c8wnm7krzzpyao0fdhs8g5p9912187.png||https://p4-ofp.static.pub/fes/cms/2022/02/11/xp6b6rlvk9ekfvrawo7utkwi74ayyo890014.png,Home>Laptops>ThinkPad>T Series,"In Stock,",983.52,"AMD Ryzen™ 5 PRO 6650U Processor (2.90 GHz, up to 4.50 GHz Max Boost, 6 Cores, 12 Threads, 16 MB Cache)AMD Ryzen™ 7 PRO 6850U Processor (2.70 GHz, up to 4.70 GHz Max Boost, 8 Cores, 16 Threads, 16 MB Cache)",,,,
https://www.lenovo.com/us/en/p/laptops/thinkpad/thinkpadp/ThinkPad-P1-Gen-5-(16-inch-Intel)/LEN101T0033,ThinkPad P1 Gen 5 (16″ Intel) mobile workstation,16″ powerhouse with low blue light & X-Rite Factory Color Calibration for color accuracyUp to Intel vPro® with 12th Generation Intel® Core™ H Series processorsChoice of NVIDIA® RTX™ or NVIDIA® GeForce RTX™ graphicsCarbon-Fiber Weave or Black chassis optionsUp to 165Hz blazing fast refresh rateDDR5 memory & tons of SSD storage for speedy system performance,https://p1-ofp.static.pub/fes/cms/2022/04/28/tu303bu66jxyf1ypq41vzp91od4ao2186944.png||https://p1-ofp.static.pub/fes/cms/2022/04/28/boq6g9bfuod9nh8s92a9g5c0xjtjgn448599.png||https://p1-ofp.static.pub/fes/cms/2022/04/28/vwo6fxm145psc12uecsxd6hupx5c60288601.png||https://p4-ofp.static.pub/fes/cms/2022/04/28/tn6c1rwr34sthavrupf4hy878ivpso384155.png||https://p4-ofp.static.pub/fes/cms/2022/04/28/92b5b4ya2g5nih6xpxp31fm523zje8558749.png||https://p4-ofp.static.pub/fes/cms/2022/04/28/90cxqv87iuz3r6a6ksxhkolykjabjo310310.png||https://p4-ofp.static.pub/fes/cms/2022/04/28/7jyfv46cvo01l9zzvqxd9po6wnexkm345441.png||https://p4-ofp.static.pub/fes/cms/2022/04/28/uo71j2eewlfx0lac8o1enj0xnkz4jw765589.png||https://p2-ofp.static.pub/fes/cms/2022/04/28/npcrb236c2oljsv3hst2yxdb85i6ra828249.png||https://p1-ofp.static.pub/fes/cms/2022/04/28/9rf1fwr3l2og3v2jy7nvjgqz6ic2lh038851.png||https://p1-ofp.static.pub/fes/cms/2022/04/28/9exniwdklkl9g9yha4ph2wgt0pzzyt077566.png||https://p1-ofp.static.pub/fes/cms/2022/04/28/of3cd3y2g22nad35bw5u8a9pr7weu1361600.png,Home>Laptops>ThinkPad>P Series,"In Stock,",1949,"12th Generation Intel® Core™ i7-12700H Processor (E-Core Max 3.50 GHz, P-Core Max 4.70 GHz with Turbo Boost, 14 Cores, 20 Threads, 24 MB Cache)12th Generation Intel® Core™ i7-12800H Processor with vPro® (E-Core Max 3.70 GHz, P-Core Max 4.80 GHz with Turbo Boost, 14 Cores, 20 Threads, 24 MB Cache)12th Generation Intel® Core™ i9-12900H Processor with vPro® (E-Core Max 3.80 GHz, P-Core Max 5.00 GHz with Turbo Boost, 14 Cores, 20 Threads, 24 MB Cache)",,,,
https://www.lenovo.com/us/en/p/laptops/thinkpad/thinkpadt/ThinkPad-T14s-Gen-3-(14-inch-Intel)/LEN101T0016,ThinkPad T14s Gen 3 (14” Intel) Laptop,"Powerful, slim 14'' business laptop with Intel® vPro® processors & Intel® Iris® Xe graphicsSustainably made & packaged with recycled content, including plastic & natural materialsExpansive 16:10 aspect ratio displays with impressive up to 85% screen-to-body ratiosLightning-quick memory & storage, superb connectivity, including WiFi 6EMultiple display options, including 2.8K OLED screen with Dolby Vision™",https://p2-ofp.static.pub/fes/cms/2022/03/14/q45i37k7cttcgk2bh8ldtvh3q00t9j974894.png||https://p4-ofp.static.pub/fes/cms/2022/03/14/3fltxnq1nuiftr24mogpjecnt7oamf557150.png||https://p2-ofp.static.pub/fes/cms/2022/03/14/6hje1m82ew1g009qpf9214goina424837770.png||https://p4-ofp.static.pub/fes/cms/2022/03/14/xfmd12hurtclp6ql4n6lzgjm5p04c1266119.png||https://p1-ofp.static.pub/fes/cms/2022/03/14/dn2taln8bg4tschm51ad8xd9qosi57227691.png||https://p1-ofp.static.pub/fes/cms/2022/03/14/z69jhzf7wc2khuzabru1crm584hmtx867114.png||https://p1-ofp.static.pub/fes/cms/2022/03/14/yezynbejbdizxuaqogwqhufrx01ecj112957.png||https://p1-ofp.static.pub/fes/cms/2022/03/14/shdlo3vdj3m74ozf3ufivvrwa2i5yu323262.png||https://p3-ofp.static.pub/fes/cms/2022/03/14/wkvcdticwxe1mdh8yyiqpld1vnu7pr148145.png,Home>Laptops>ThinkPad>T Series,"In Stock,",1103.52,"12th Generation Intel® Core™ i5-1235U Processor (E-Core Max 3.30 GHz, P-Core Max 4.40 GHz with Turbo Boost, 10 Cores, 12 Threads, 12 MB Cache)12th Generation Intel® Core™ i5-1240P Processor (E-Core Max 3.30 GHz, P-Core Max 4.40 GHz with Turbo Boost, 12 Cores, 16 Threads, 12 MB Cache)12th Generation Intel® Core™ i5-1245U Processor with vPro® (E-Core Max 3.30 GHz, P-Core Max 4.40 GHz with Turbo Boost, 10 Cores, 12 Threads, 12 MB Cache)12th Generation Intel® Core™ i5-1250P Processor with vPro® (E-Core Max 3.30 GHz, P-Core Max 4.40 GHz with Turbo Boost, 12 Cores, 16 Threads, 12 MB Cache)12th Generation Intel® Core™ i7-1260P Processor (E-Core Max 3.40 GHz, P-Core Max 4.70 GHz with Turbo Boost, 12 Cores, 16 Threads, 18 MB Cache)12th Generation Intel® Core™ i7-1270P Processor with vPro® (E-Core Max 3.50 GHz, P-Core Max 4.80 GHz with Turbo Boost, 12 Cores, 16 Threads, 18 MB Cache)12th Generation Intel® Core™ i7-1280P Processor with vPro® (E-Core Max 3.60 GHz, P-Core Max 4.80 GHz with Turbo Boost, 14 Cores, 20 Threads, 24 MB Cache)",,,,
https://www.lenovo.com/us/en/p/laptops/thinkpad/thinkpadt/ThinkPad-T14-Gen-3-(14-inch-AMD)/LEN101T0013,ThinkPad T14 Gen 3 (14” AMD) Laptop,"Powerful 14'' business laptop with AMD Ryzen™ processors & AMD Radeon™ graphicsSustainably made & packaged with recycled content, including plastic & natural materialsChoice of 16:10 aspect ratio displays, with up to 85% screen-to-bodyLightning-quick memory, storage, & connectivity, including WiFi 6EOptional WQUXGA touchscreen & Dolby Vision™, plus digital wellness features",https://p2-ofp.static.pub/fes/cms/2022/02/11/wo3iqu39tvggv6z5anyxwjlzdtyde2238450.png||https://p2-ofp.static.pub/fes/cms/2022/02/11/vp14l864varmssreje95gycw9nqikh175569.png||https://p2-ofp.static.pub/fes/cms/2022/02/11/sly2h6ah2k700cp6srtmeebtepgpfm177573.png||https://p4-ofp.static.pub/fes/cms/2022/02/11/e80pb9hyf16zys9idcrzju8824egdy279129.png||https://p2-ofp.static.pub/fes/cms/2022/02/11/l2dqpc3m4hc8ns6r3kq959dbphda8z580767.png||https://p2-ofp.static.pub/fes/cms/2022/02/11/dgn9d7o4a6miwy017ambpa2470z8vv118596.png||https://p2-ofp.static.pub/fes/cms/2022/02/11/kwp4clyyk1m3l54b1wmzsi4kl7hx7b396628.png||https://p4-ofp.static.pub/fes/cms/2022/02/11/5l4rctco6wp7x9zw06e7bbkzo8e1kl142519.png||https://p1-ofp.static.pub/fes/cms/2022/02/11/cgkseqx5mzmc6g1tv5hrdfn6xlkqsq183705.png||https://p4-ofp.static.pub/fes/cms/2022/02/11/c87unenzx01qqshav19nxodlxiqyaf286560.png||https://p3-ofp.static.pub/fes/cms/2022/02/11/yt8zy1vhcxiripy9eznykbq2pn1rgm346589.png,Home>Laptops>ThinkPad>T Series,"In Stock,",906.72,"AMD Ryzen™ 5 PRO 6650U Processor (2.90 GHz, up to 4.50 GHz Max Boost, 6 Cores, 12 Threads, 16 MB Cache)AMD Ryzen™ 7 PRO 6850U Processor (2.70 GHz, up to 4.70 GHz Max Boost, 8 Cores, 16 Threads, 16 MB Cache)",,,,
https://www.lenovo.com/us/en/p/laptops/thinkpad/thinkpadl/ThinkPad-L15-Gen-3-(15-inch-Intel)/LEN101T0030,ThinkPad L15 Gen 3 (15” Intel) Laptop,"15.6"" laptop with numeric pad, ideal for finance, accounting, & data-entryPowered by up to Intel vPro® with 12th Gen Intel® Core™ performanceEnhanced videocalls with optional FHD camera, Dolby Audio™, & Dolby Voice® with AI-based noise suppressionRemarkable Intel® & NVIDIA® graphics optionsUp to WiFi 6E & optional 4G WWAN to stay connectedMicrosoft Secured-core PC enabled",https://p4-ofp.static.pub/fes/cms/2022/04/18/8fyr2bgifmledcuml7514yzxex2cmi464132.png||https://p3-ofp.static.pub/fes/cms/2022/04/18/adkkte9dzgxf1widu04imazh9hypz3979692.jpg||https://p2-ofp.static.pub/fes/cms/2022/04/18/c6m1uskywra3pwp9lkpdgjpb4mvrd9767039.jpg||https://p1-ofp.static.pub/fes/cms/2022/04/18/y8wfx8oag4ikinpmj90lhbblxi2pjo686796.jpg||https://p4-ofp.static.pub/fes/cms/2022/04/18/kb0gycvm440m11dpe6i09a7rbdilqj666116.jpg||https://p4-ofp.static.pub/fes/cms/2022/04/18/d1wc5mxm3z4ckstk6c9to6kdedochm802244.jpg||https://p4-ofp.static.pub/fes/cms/2022/04/18/a82ce38fefwwk7xlauzafkebzxkwr1938755.jpg,Home>Laptops>ThinkPad>L Series,"In Stock,",984.1,"Intel® Pentium® Gold 8505 Processor (E-Core Max 3.30 GHz, P-Core Max 4.40 GHz with Turbo Boost, 5 Cores, 6 Threads, 8 MB Cache)12th Generation Intel® Core™ i3-1215U Processor (E-Core Max 3.30 GHz, P-Core Max 4.40 GHz with Turbo Boost, 6 Cores, 8 Threads, 10 MB Cache)12th Generation Intel® Core™ i5-1235U Processor (E-Core Max 3.30 GHz, P-Core Max 4.40 GHz with Turbo Boost, 10 Cores, 12 Threads, 12 MB Cache)12th Generation Intel® Core™ i5-1245U Processor with vPro® (E-Core Max 3.30 GHz, P-Core Max 4.40 GHz with Turbo Boost, 10 Cores, 12 Threads, 12 MB Cache)12th Generation Intel® Core™ i7-1255U Processor (E-Core Max 3.50 GHz, P-Core Max 4.70 GHz with Turbo Boost, 10 Cores, 12 Threads, 12 MB Cache)12th Generation Intel® Core™ i7-1265U Processor with vPro® (E-Core Max 3.60 GHz, P-Core Max 4.80 GHz with Turbo Boost, 10 Cores, 12 Threads, 12 MB Cache)12th Generation Intel® Core™ i5-1250P Processor with vPro™ (E-Core Max 3.30 GHz, P-Core Max 4.40 GHz with Turbo Boost, 12 Cores, 16 Threads, 12 MB Cache)12th Generation Intel® Core™ i7-1260P Processor (E-Core Max 3.40 GHz, P-Core Max 4.70 GHz with Turbo Boost, 12 Cores, 16 Threads, 18 MB Cache)",,,,
https://www.lenovo.com/us/en/p/laptops/thinkpad/thinkpadp/ThinkPad-P16s-(16-inch-Intel)/LEN101T0012,ThinkPad P16s (16” Intel) Mobile Workstation,"Powerful, high-performance 16"" mobile workstation, ISV-certifiedLatest Intel® Core™ processors & all-day battery capacityChoice of NVIDIA® discrete graphics or integrated Intel® graphicsMultiple display options, including WQXGA & X-Rite color calibrationNext-gen storage for seamless multitaskingSuperb connectivity, including Intel® WiFi 6E & Intel® Thunderbolt™ 4Includes number pad, glass-like touchpad, & webcam privacy shutter",https://p3-ofp.static.pub/ShareResource/na/subseries/hero/lenovo-thinkpad-p16s-gen1-black.png||https:https://p3-ofp.static.pub/ShareResource/na/subseries/gallery/lenovo-thinkpad-p16s-gen1-black-01.png||https:https://p1-ofp.static.pub/ShareResource/na/subseries/gallery/lenovo-thinkpad-p16s-gen1-black-02.png||https:https://p3-ofp.static.pub/ShareResource/na/subseries/gallery/lenovo-thinkpad-p16s-gen1-black-03.png||https:https://p1-ofp.static.pub/ShareResource/na/subseries/gallery/lenovo-thinkpad-p16s-gen1-black-04.png||https:https://p4-ofp.static.pub/ShareResource/na/subseries/gallery/lenovo-thinkpad-p16s-gen1-black-05.png||https:https://p3-ofp.static.pub/ShareResource/na/subseries/gallery/lenovo-thinkpad-p16s-gen1-black-06.png||https://p3-ofp.static.pub/fes/cms/2022/02/17/8qwl1si5d813nplyqaedbaco45k87b079142.jpg||https://p3-ofp.static.pub/fes/cms/2022/02/17/qtn9p6vmeldv95qhbfg3ne1hqzlcum239706.jpg||https://p3-ofp.static.pub/fes/cms/2022/02/17/jpyblpldm8hra3hnp385snwx95giqj600003.jpg||https://p2-ofp.static.pub/fes/cms/2022/02/17/ypfwyjcawefv8hi0gxagl4464hvnmn064954.jpg,Home>Laptops>ThinkPad>P Series,"In Stock,",1264.45,"12th Generation Intel® Core™ i5-1240P Processor (E-Core Max 3.30 GHz, P-Core Max 4.40 GHz with Turbo Boost, 12 Cores, 16 Threads, 12 MB Cache)12th Generation Intel® Core™ i5-1250P Processor with vPro® (E-Core Max 3.30 GHz, P-Core Max 4.40 GHz with Turbo Boost, 12 Cores, 16 Threads, 12 MB Cache)12th Generation Intel® Core™ i7-1260P Processor (E-Core Max 3.40 GHz, P-Core Max 4.70 GHz with Turbo Boost, 12 Cores, 16 Threads, 18 MB Cache)12th Generation Intel® Core™ i7-1270P Processor with vPro® (E-Core Max 3.50 GHz, P-Core Max 4.80 GHz with Turbo Boost, 12 Cores, 16 Threads, 18 MB Cache)12th Generation Intel® Core™ i7-1280P Processor with vPro® (E-Core Max 3.60 GHz, P-Core Max 4.80 GHz with Turbo Boost, 14 Cores, 20 Threads, 24 MB Cache)",,,,
https://www.lenovo.com/us/en/p/laptops/thinkpad/thinkpadt/ThinkPad-T16-(16-inch-AMD)/LEN101T0020,ThinkPad T16 (16” AMD) Laptop,"Powerful 16'' AMD business laptop with high-performance AMD Radeon™ graphicsWith a larger display plus new features, this business laptop follows its predecessor, the T15 Gen 2.Sustainably made & packaged with recycled content, including plastic & natural materialsImpressive 16:10 aspect ratio displays & massive up to 85% screen-to-bodyLightning-quick memory, storage, & connectivity, including WiFi 6EDigital wellness features, plus optional WQXGA touchscreen with Dolby Vision™",https://p1-ofp.static.pub/fes/cms/2022/02/11/qjaszphgqnp1wqrsb9s9x89eiv5m3z069412.png||https://p1-ofp.static.pub/fes/cms/2022/02/11/eolguqgjahkte7cln5tmiqhkghbvlz421905.png||https://p3-ofp.static.pub/fes/cms/2022/02/11/7wur2p9kkwj8y9s85fjq7oqeftb1vm778688.png||https://p3-ofp.static.pub/fes/cms/2022/02/11/ka6mfpcvrlqnauvmtdqfr0fi88dkhf311132.png||https://p2-ofp.static.pub/fes/cms/2022/02/11/mmlrkumkpbgqqa6nyg8vfmzzmook6i312714.png||https://p4-ofp.static.pub/fes/cms/2022/02/11/o2w0kjki16viqsd826jsvo2wo3nesp252686.png||https://p4-ofp.static.pub/fes/cms/2022/02/11/xlly76mx9zkipq11zhfy4f4z0xleyc586162.png||https://p4-ofp.static.pub/fes/cms/2022/02/11/foq5n0r2wbyo3pjmfx4onxn8ysnry9956482.png,Home>Laptops>ThinkPad>T Series,"In Stock,",930.72,"AMD Ryzen™ 5 PRO 6650U Processor (2.90 GHz, up to 4.50 GHz Max Boost, 6 Cores, 12 Threads, 16 MB Cache)AMD Ryzen™ 7 PRO 6850U Processor (2.70 GHz, up to 4.70 GHz Max Boost, 8 Cores, 16 Threads, 16 MB Cache)",,,,
https://www.lenovo.com/us/en/p/laptops/thinkpad/thinkpadp/ThinkPad-P14s-Gen-3-(14-inch-Intel)/LEN101T0011,ThinkPad P14s Gen 3 (14” Intel) Mobile Workstation,"Powered by up to 12th Gen Intel® Core™ i7 processorsSuperb WiFi connectivity & ports, including Intel® Thunderbolt™ 4Choice of NVIDIA® discrete graphics or integrated Intel® graphicsLight, high-performance 14'' mobile workstation, ISV-certifiedNext-gen storage for seamless multitaskingSecure & durable, tested to work in almost any environmentPerfect for high performance on the go, professionals, educators, and students.",https://p1-ofp.static.pub/ShareResource/na/subseries/hero/lenovo-thinkpad-p14s-gen-3-intel.png||https://p3-ofp.static.pub/ShareResource/na/subseries/gallery/lenovo-thinkpad-p14s-gen3-black-intel-01.png||https://p2-ofp.static.pub/ShareResource/na/subseries/gallery/lenovo-thinkpad-p14s-gen3-black-intel-03.png||https://p3-ofp.static.pub/ShareResource/na/subseries/gallery/lenovo-thinkpad-p14s-gen3-black-intel-04.png||https://p2-ofp.static.pub/ShareResource/na/subseries/gallery/lenovo-thinkpad-p14s-gen3-black-intel-05.png||https://p1-ofp.static.pub/ShareResource/na/subseries/gallery/lenovo-thinkpad-p14s-gen3-black-intel-06.png||https://p4-ofp.static.pub/ShareResource/na/subseries/gallery/lenovo-thinkpad-p14s-gen3-black-intel-07.png||https://p1-ofp.static.pub/ShareResource/na/subseries/gallery/lenovo-thinkpad-p14s-gen3-black-intel-08.png||https://p4-ofp.static.pub/ShareResource/na/subseries/gallery/lenovo-thinkpad-p14s-gen3-black-intel-09.png||https://p3-ofp.static.pub/ShareResource/na/subseries/gallery/lenovo-thinkpad-p14s-gen3-black-intel-10.png||https://p4-ofp.static.pub/ShareResource/na/subseries/gallery/lenovo-thinkpad-p14s-gen3-black-intel-11.png||https://p3-ofp.static.pub/ShareResource/na/subseries/gallery/lenovo-thinkpad-p14s-gen3-black-intel-14.png,Home>Laptops>ThinkPad>P Series,"In Stock,",1259,"12th Generation Intel® Core™ i5-1240P Processor (E-Core Max 3.30 GHz, P-Core Max 4.40 GHz with Turbo Boost, 12 Cores, 16 Threads, 12 MB Cache)12th Generation Intel® Core™ i5-1250P Processor with vPro® (E-Core Max 3.30 GHz, P-Core Max 4.40 GHz with Turbo Boost, 12 Cores, 16 Threads, 12 MB Cache)12th Generation Intel® Core™ i7-1260P Processor (E-Core Max 3.40 GHz, P-Core Max 4.70 GHz with Turbo Boost, 12 Cores, 16 Threads, 18 MB Cache)12th Generation Intel® Core™ i7-1270P Processor with vPro® (E-Core Max 3.50 GHz, P-Core Max 4.80 GHz with Turbo Boost, 12 Cores, 16 Threads, 18 MB Cache)12th Generation Intel® Core™ i7-1280P Processor with vPro® (E-Core Max 3.60 GHz, P-Core Max 4.80 GHz with Turbo Boost, 14 Cores, 20 Threads, 24 MB Cache)",,,,
https://www.lenovo.com/us/en/p/laptops/thinkpad/thinkpadz/ThinkPad-Z13-(13-inch-AMD)/LEN101T0036,ThinkPad Z13 (13” AMD) Laptop,"13.3"" business laptop power-packed with AMD Ryzen™ PRO 6000 U SeriesChoice of PET recycled vegan leather or recycled aluminumHyper-secure chip-to-cloud technology with Microsoft PlutonSuperb videocalls with AI-based audio & enhanced visualsRefined keyboard with dual-function TrackPoint & glass haptic TouchPad100% rapid-renewable & compostable packaging",https://p1-ofp.static.pub/fes/cms/2022/04/29/sayo63qd1resd1aik6hwpsspi8551h635339.png||https://p1-ofp.static.pub/fes/cms/2022/04/29/b121fjgemigrhp3wj7v1vfc24zqqlt172651.png||https://p3-ofp.static.pub/fes/cms/2022/04/29/brk7msvmdteo3cdmjcsz5ymcd48irj211051.png||https://p4-ofp.static.pub/fes/cms/2022/04/29/tb2hlgk80d85yfglluadfw95o0thst897752.png||https://p1-ofp.static.pub/fes/cms/2022/04/29/b8d4t8jutb575tihhdcmm49ti28uy3497924.png||https://p1-ofp.static.pub/fes/cms/2022/04/29/ihlcjzefqctbvlzm9gdhaa5qe0zt7v895725.png||https://p3-ofp.static.pub/ShareResource/na/subseries/gallery/lenovo-thinkpad-z13-arctic-grey-01.png||https://p3-ofp.static.pub/ShareResource/na/subseries/gallery/lenovo-thinkpad-z13-arctic-grey-02.png||https://p1-ofp.static.pub/ShareResource/na/subseries/gallery/lenovo-thinkpad-z13-arctic-grey-03.png||https://p2-ofp.static.pub/ShareResource/na/subseries/gallery/lenovo-thinkpad-z13-arctic-grey-04.png||https://p1-ofp.static.pub/fes/cms/2022/04/29/x7mnmn0xfq2f6to83sit410b3uokf9047395.png||https://p1-ofp.static.pub/fes/cms/2022/04/29/30auvfyv70fg8up6vxpbze5o26e7r7598776.png||https://p3-ofp.static.pub/fes/cms/2022/04/29/j2583yik4t2oskeca3taqstv2cfka2643835.png||https://p1-ofp.static.pub/fes/cms/2022/04/29/r2z800vyckr2ex5jtg6q85ph0xxn5k933233.png||https://p3-ofp.static.pub/fes/cms/2022/04/29/p5bffura8a03nwmfkbe0h4bc0ytait579261.png||https://p3-ofp.static.pub/fes/cms/2022/04/29/msyyf9d62s6b0xl3vwzdyvf8957z10033630.png||https://p1-ofp.static.pub/fes/cms/2022/04/29/edp1v5xtdaz0ef0btvtizi0jlwuqkn856080.png,Home>Laptops>ThinkPad>ThinkPad Z,"In Stock,",1174.68,"AMD Ryzen™ 5 PRO 6650U Processor (2.90 GHz, up to 4.50 GHz Max Boost, 6 Cores, 12 Threads, 16 MB Cache)AMD Ryzen™ 7 PRO 6850U Processor (2.70 GHz, up to 4.70 GHz Max Boost, 8 Cores, 16 Threads, 16 MB Cache)AMD Ryzen™ 7 PRO 6860Z Processor (2.70 GHz, up to 4.73 GHz Max Boost, 8 Cores, 16 Threads, 16 MB Cache)",,,,
https://www.lenovo.com/us/en/p/laptops/thinkpad/thinkpadt/ThinkPad-T15-Gen-2-(Intel)/22TPT15T5N2,ThinkPad T15 Gen 2 (15” Intel) Laptop,"15"" business pc with powerful Intel® Core™ processingOptional NVIDIA® graphicsHighly customizable to meet your specific needsChoose from many display resolutions for best-in-class visualsOptional time-saving features like: fingerprint reader, Modern Standby and Wake on VoiceEquipped with ThinkShield security solutionsGreat for work or entertainment, or bothPerfect device for any business or work from home professional",https://p3-ofp.static.pub/fes/cms/2022/03/18/xnaxn3w1qtymhtntydx7fs32emzd9q959215.png||https://p3-ofp.static.pub/fes/cms/2022/03/18/ext80mo2o5t0iseco1oeauj8aa4kyy890957.png||https://p1-ofp.static.pub/medias/bWFzdGVyfHJvb3R8MzA4MDh8aW1hZ2UvcG5nfGgxNC9oMWQvMTE1MjQzNTUzNTg3NTAucG5nfDFjMDc3NGIxZDZiNmI4ZjMzNzUwYzJmNGExYmVjNDBlMjJjMDQ3NmQ4NjM5OWY3YWUzZTYzYTA1ZGE0ZTY5ODg/bWFzdGVyfH.png||https://p1-ofp.static.pub/medias/bWFzdGVyfHJvb3R8NTQ3NTN8aW1hZ2UvcG5nfGg4NS9oNjEvMTE1MjQzNTU1NTUzNTgucG5nfGYyMGQwM2YyY2FlZDVlMzZlNDhlZTZkZmE3Nzc4MjcwMWY1NzBiYmIyMDAzOGNiNDdjN2MwZTBmM2IyYWU0MjI/bWFzdGVyfH.png||https://p1-ofp.static.pub/medias/bWFzdGVyfHJvb3R8Njk5NzV8aW1hZ2UvcG5nfGg5Mi9oYWUvMTE1MjQzNTU3NTE5NjYucG5nfDlhZTEyMjBmMDJiODcxYTI3M2QyNDUwOWM5ODU2ZDA4MDljYTExMjA0ZDlmOGI2ZmZjZmI4ZDg2MjQyYjQzZWM/bWFzdGVyfH.png||https://p1-ofp.static.pub/medias/bWFzdGVyfHJvb3R8MTIyMzh8aW1hZ2UvcG5nfGg0My9oMDcvMTE1MjQzNTYwNzk2NDYucG5nfGYyZjhhYTVmNmYzY2I3ZDRlZDI1NDFkNTRlZWZjNWZlMWEzN2I4NzkyZWY5YTIxZDI4NDBkOWQ4NDZkZGE1MmI/bWFzdGVyfH.png||https://p1-ofp.static.pub/medias/bWFzdGVyfHJvb3R8MTE5MjZ8aW1hZ2UvcG5nfGhkNC9oNDUvMTE1MjQzNTY2MDM5MzQucG5nfGQ1NmI1YWFkNjhkMzQxMGU0N2ZlOTAwNGIyZTk4NDNhZTg3NzA0MDQyYzE5MTQ3MjNmYjIxYTJlZTc4YjRkYmY/bWFzdGVyfH.png||https://p1-ofp.static.pub/medias/bWFzdGVyfHJvb3R8MTc3MTF8aW1hZ2UvcG5nfGgzYS9oZmUvMTE1MjU3MzM2NzkxMzQucG5nfDQyYzVlNzhkZWM5NjhkZjQyOGY5ZjE0ZTllMDY3ZGFmYTcxNGUxNDhmZDNmMTg4YzE4Y2Q0OTY4NzA3YzY4MDE/bWFzdGVyfH.png||https://p1-ofp.static.pub/medias/bWFzdGVyfHJvb3R8NDAxNjZ8aW1hZ2UvcG5nfGhkZC9oMTEvMTE1MjU3MzM4NzU3NDIucG5nfGNhNGFjNDdkZjhhYTVmMjY4NGZiYmQxNGU3ZWI3YTFmODU0NTlkZWU2Mzc1MDUxOWRjNjUzOGRhODI0NzRlODU/bWFzdGVyfH.png||https://p1-ofp.static.pub/medias/bWFzdGVyfHJvb3R8NTQ0NjB8aW1hZ2UvcG5nfGg1OC9oNzAvMTE0ODUyNTg1MTQ0NjIucG5nfDg0ZTE4YjlmMWY4ZDdmMzgxZTM4YmFkYjYxZGJhOGRkM2IyNDk0ZjliMjQ4ZTg0Njg1YTI5NGY3YjNhNTNhNzM/bWFzdGVyfH.png||https://p1-ofp.static.pub/medias/bWFzdGVyfHJvb3R8NDc3MTd8aW1hZ2UvcG5nfGhkYS9oZDQvMTE0ODUyNjEyOTk3NDIucG5nfDBiNzBjMjQ3OGFlM2U1OTA1MjdhMWI5MmE0MjYwYWU5MzVmNzNhYzE0NjhmN2QzOTZkZThiMmMyNjA5ZWMxMWI/bWFzdGVyfH.png||https://p1-ofp.static.pub/medias/bWFzdGVyfHJvb3R8NzEzMzN8aW1hZ2UvcG5nfGg4MC9oOWUvMTE1MjQzNTU5NDg1NzQucG5nfDI4YjMwNWNlN2VlNzg2Zjg0ZjU1MzRhM2ZmMmZiMDdiNTAxMjJmODNiY2NkOGVjNWU5YzZhMGIxNGJkZWZkMzM/bWFzdGVyfH.png,Home>Laptops>ThinkPad>T Series,"In Stock,","""""","11th Generation Intel® Core™ i5-1135G7 Processor (2.40 GHz, up to 4.20 GHz with Turbo Boost, 4 Cores, 8 Threads, 8 MB Cache)11th Generation Intel® Core™ i5-1145G7 Processor with vPro® (2.60 GHz, up to 4.40 GHz with Turbo Boost, 4 Cores, 8 Threads, 8 MB Cache)11th Generation Intel® Core™ i7-1165G7 Processor (2.80 GHz, up to 4.70 GHz with Turbo Boost, 4 Cores, 8 Threads, 12 MB Cache)",,,,
https://www.lenovo.com/us/en/p/laptops/thinkpad/thinkpadl/ThinkPad-L13-Gen-3-(13-inch-Intel)/LEN101T0031,ThinkPad L13 Gen 3 (13” Intel) Laptop,Power through the workday with up to Intel vPro® processorsBuilt-in ThinkShield security & Microsoft Secured-core PC optionsConnect monitors & other accessories with HDMI & Thunderbolt™ 4 portsThin & light for ultimate portabilityOptional touchscreen for convenience,https://p2-ofp.static.pub/fes/cms/2022/05/04/azu1gc2wd3ngztgvqoqy9wwcnnjbrt060966.png||https://p1-ofp.static.pub/fes/cms/2022/05/04/ujbn9o9ar5pd0vaxk702dxo5epy8cf010271.jpg||https://p3-ofp.static.pub/fes/cms/2022/05/04/mgw7u2lki74faa0wctt3yl6u69vedv544245.jpg||https://p4-ofp.static.pub/fes/cms/2022/05/04/kx08e0l2wm0i4mes0qt39x0yg8y5ig624559.jpg||https://p3-ofp.static.pub/fes/cms/2022/05/04/jev8cc0r9k52a9vfrkl257v2665a2k576772.jpg||https://p1-ofp.static.pub/fes/cms/2022/05/04/m13no0v29cpnqljwmu3lw1czavwtkr695367.jpg||https://p1-ofp.static.pub/fes/cms/2022/05/04/4zzadnr6jsg7dzkrpn13lmfzqr2kue670355.jpg||https://p2-ofp.static.pub/fes/cms/2022/05/04/wzkqx3exzrtfuo2j6xfgin9125eizl107852.jpg||https://p3-ofp.static.pub/fes/cms/2022/05/04/nw19nl0t8445asqmder1k7ia32zcw4324297.jpg||https://p2-ofp.static.pub/fes/cms/2022/05/04/n9jhid3rzppib5a3kztdsorljpef2v769280.jpg||https://p4-ofp.static.pub/fes/cms/2022/05/04/se1bo53bia6ngt5dgjldk1cg2qe034090677.jpg,Home>Laptops>ThinkPad>L Series,"In Stock,",848.9,"12th Generation Intel® Core™ i3-1215U Processor (E-Core Max 3.30 GHz, P-Core Max 4.40 GHz with Turbo Boost, 6 Cores, 8 Threads, 10 MB Cache)12th Generation Intel® Core™ i5-1235U Processor (E-Core Max 3.30 GHz, P-Core Max 4.40 GHz with Turbo Boost, 10 Cores, 12 Threads, 12 MB Cache)12th Generation Intel® Core™ i5-1245U Processor with vPro® (E-Core Max 3.30 GHz, P-Core Max 4.40 GHz with Turbo Boost, 10 Cores, 12 Threads, 12 MB Cache)12th Generation Intel® Core™ i7-1255U Processor (E-Core Max 3.50 GHz, P-Core Max 4.70 GHz with Turbo Boost, 10 Cores, 12 Threads, 12 MB Cache)12th Generation Intel® Core™ i7-1265U Processor with vPro® (E-Core Max 3.60 GHz, P-Core Max 4.80 GHz with Turbo Boost, 10 Cores, 12 Threads, 12 MB Cache)",,,,
https://www.lenovo.com/us/en/p/laptops/thinkpad/thinkpadx/ThinkPad-X13-Gen-3-(13-inch-Intel)/LEN101T0029,ThinkPad X13 Gen 3 (13” Intel) Laptop,"Compact, high-performance 13.3"" business laptop for on-the-go professionalsPowered by up to Intel® vPro® with 12th Gen Intel® Core™ processorsAll-day battery & enhanced security, from on-chip to webcam privacy shutterUp to FHD + IR camera, Dolby Audio™ Speaker System, & Dolby Voice® to enhance online calls.",https://p3-ofp.static.pub/fes/cms/2022/04/20/39te6hikj6k5lyhu2aafwfv9xt3szy493987.png||https://p4-ofp.static.pub/fes/cms/2022/04/20/j7rnbsqww5svxashujctg5l8r3ian9429723.jpg||https://p4-ofp.static.pub/fes/cms/2022/04/20/z49c6wexz34nirtj1lv69311ecbar2623359.jpg||https://p3-ofp.static.pub/fes/cms/2022/04/20/sxmikwz4xafi1jg0g0fxwl0x3bkfr5170875.jpg||https://p1-ofp.static.pub/fes/cms/2022/04/20/b2s9ikg6bi3399sbhegcmdazic3kcy301132.jpg||https://p2-ofp.static.pub/fes/cms/2022/04/20/4q08o9yd8umu8i8fg46kvkv09aggde777676.jpg||https://p4-ofp.static.pub/fes/cms/2022/04/20/nfhtpi20d6a3572hyjqe176nz45gf7717484.jpg||https://p2-ofp.static.pub/fes/cms/2022/04/20/bos58u86xyg2hktdd3xhd52z6bkaf3941737.jpg,Home>Laptops>ThinkPad>X Series,"In Stock,",959.5,"12th Generation Intel® Core™ i5-1235U Processor (E-Core Max 3.30 GHz, P-Core Max 4.40 GHz with Turbo Boost, 10 Cores, 12 Threads, 12 MB Cache)12th Generation Intel® Core™ i5-1250P Processor with vPro® (E-Core Max 3.30 GHz, P-Core Max 4.40 GHz with Turbo Boost, 12 Cores, 16 Threads, 12 MB Cache)12th Generation Intel® Core™ i5-1240P Processor (E-Core Max 3.30 GHz, P-Core Max 4.40 GHz with Turbo Boost, 12 Cores, 16 Threads, 12 MB Cache)12th Generation Intel® Core™ i5-1245U Processor with vPro® (E-Core Max 3.30 GHz, P-Core Max 4.40 GHz with Turbo Boost, 10 Cores, 12 Threads, 12 MB Cache)12th Generation Intel® Core™ i7-1260P Processor (E-Core Max 3.40 GHz, P-Core Max 4.70 GHz with Turbo Boost, 12 Cores, 16 Threads, 18 MB Cache)12th Generation Intel® Core™ i7-1270P Processor with vPro® (E-Core Max 3.50 GHz, P-Core Max 4.80 GHz with Turbo Boost, 12 Cores, 16 Threads, 18 MB Cache)12th Generation Intel® Core™ i7-1280P Processor with vPro® (E-Core Max 3.60 GHz, P-Core Max 4.80 GHz with Turbo Boost, 14 Cores, 20 Threads, 24 MB Cache)",,,,
https://www.lenovo.com/us/en/p/laptops/thinkpad/thinkpadt/T14-G2-(Intel)/22TPT14T4N2,"ThinkPad T14 Gen 2 (14"" Intel) Laptop","14"" business laptop with powerful Intel® Core™ processingOptional NVIDIA® graphicsBlazing-fast WiFi 6E for speed and stability Optional time-saving features: touch fingerprint reader, Modern Standby, and Wake on VoiceEquipped with ThinkShield security solutionsDelivers everything you need for work and funThe prefect device for the business or work from home professional",https://p1-ofp.static.pub/fes/cms/2022/03/18/juapa48402eiya29bo4v5gi5um9jgy633954.png||https://p3-ofp.static.pub/fes/cms/2022/03/18/8u96ctpk3y1spvs3vmzkw96gucrssm700184.png||https://p1-ofp.static.pub/medias/bWFzdGVyfHJvb3R8NDc3MDd8aW1hZ2UvcG5nfGhhYy9oYzkvMTE0OTEyMjUxMDg1MTAucG5nfGVhMTVmOTc5ZjU5YmYzOGM0ZWRmNDg3Mjg1NzBmNDQ5MmFlYjRhYzBhZGYyMWI2MTQ1NTI0MjQzMjdkZTVhN2M/lenovo-laptops-thinkpad-t-series-t14-gen2-intel-gallery-1.png||https://p1-ofp.static.pub/medias/bWFzdGVyfHJvb3R8NDk4NDF8aW1hZ2UvcG5nfGhmNy9oZTIvMTE0OTEyMjUzNzA2NTQucG5nfDQzNDM4MTAzYTUyZWM5YmI1YzY1MzVhNTVjNDgyNTI0MjQ1ODQ4MzZhNGQ3OTA3MGY5NTUwY2NjYjA5N2ZlMDQ/lenovo-laptops-thinkpad-t-series-t14-gen2-intel-gallery-2.png||https://p1-ofp.static.pub/medias/bWFzdGVyfHJvb3R8NzMxNjB8aW1hZ2UvcG5nfGhmYS9oMDEvMTE0OTEyMjU1MDE3MjYucG5nfDU5MTFhMGFkYWE0Mzg0ZjYxYTg4MDFmN2M4ZTg1OTM3ODU5YzhmYmY0YzEyYzRmMzVhNmE1OTEzNDNlMDJkODI/lenovo-laptops-thinkpad-t-series-t14-gen2-intel-gallery-3.png||https://p1-ofp.static.pub/medias/bWFzdGVyfHJvb3R8NjQyMTN8aW1hZ2UvcG5nfGg2MS9oYjkvMTE0OTEyMjU4Mjk0MDYucG5nfDhjYzgyNWQzZjhkYTFlOWJlNjM4ZDc2NjJiNzQyYTBjODY1ZDFlYjVhY2I3M2VlMGQxM2JhMTdiMWUwNDYyZGY/lenovo-laptops-thinkpad-t-series-t14-gen2-intel-gallery-4.png||https://p1-ofp.static.pub/medias/bWFzdGVyfHJvb3R8MTYyNzV8aW1hZ2UvcG5nfGhiMy9oMGIvMTE0OTEyMjYyODgxNTgucG5nfGEwZmQ5ZDA3M2RkNWNkMmFhOTJlYWNjZDk3NWIxZTc0YTgwNjY2NTIyYTRlMTE1MjFhYjRhZjM4ZDIyYmVkOWE/lenovo-laptops-thinkpad-t-series-t14-gen2-intel-gallery-5.png||https://p1-ofp.static.pub/medias/bWFzdGVyfHJvb3R8MTQ4OTZ8aW1hZ2UvcG5nfGg1ZS9oN2QvMTE0OTEyMjY3NDY5MTAucG5nfDU5MDc5MzllOWM1NTEyZTI2MmI3YThkNjlhZjE0ODI2ZWY5NWFhNzI3YWM4ZmY0MGNmOWRjMmM5ZjljY2EwMTM/lenovo-laptops-thinkpad-t-series-t14-gen2-intel-gallery-6.png||https://p1-ofp.static.pub/medias/bWFzdGVyfHJvb3R8MTI0MDB8aW1hZ2UvcG5nfGhjMi9oZWIvMTE0OTEyMjc1OTg4NzgucG5nfGNhZGFjN2Y5Mzk2M2E0NDU2ODRkZWU3YzVmNzQ5NTVjNjc3ODYzZDY5MzM5YTBhNDdkNjdiZDZmODBhN2VkYzI/lenovo-laptops-thinkpad-t-series-t14-gen2-intel-gallery-7.png||https://p1-ofp.static.pub/medias/bWFzdGVyfHJvb3R8ODA0NDh8aW1hZ2UvcG5nfGg4Mi9oOWYvMTE0OTEyMjgxMjMxNjYucG5nfDNiOWFhYzRjNDg4OWY0MjczOWIxOGQyZmI4OWZmYzE4MzY2MGZiYmRlNjYzY2MxOGU4NzVjNzNlZTgzNGRjZjc/lenovo-laptops-thinkpad-t-series-t14-gen2-intel-gallery-8.png||https://p1-ofp.static.pub/medias/bWFzdGVyfHJvb3R8NDQ3NjJ8aW1hZ2UvcG5nfGhiZS9oMTMvMTE0OTEzNTk1ODgzODIucG5nfDBmMGVhNTQ2MzkwYjA5NTIxNmFhMzBhMGI0MDkzZDNmNGNjODFiYTczMDMzY2NiNWQwOTkyNmZlZGE2YTQ1ZGY/lenovo-laptops-thinkpad-t-series-t14-gen2-intel-gallery-9.png||https://p1-ofp.static.pub/medias/bWFzdGVyfHJvb3R8NDU3ODV8aW1hZ2UvcG5nfGg2NS9oZjEvMTE0OTEzNjAzNDIwNDYucG5nfDZkYmUyOGVhOTEwZGJlZGE1YzFkMzk0NzZhOTAwMjIyZmQwZjY3MjA3ZTRiYTIyMzk3MWI2NjI4NjhlMzYxYzQ/lenovo-laptops-thinkpad-t-series-t14-gen2-intel-gallery-10.png,Home>Laptops>ThinkPad>T Series,"In Stock,",1252.32,"11th Generation Intel® Core™ i5-1135G7 Processor (2.40 GHz, up to 4.20 GHz with Turbo Boost, 4 Cores, 8 Threads, 8 MB Cache)11th Generation Intel® Core™ i7-1165G7 Processor (2.80 GHz, up to 4.70 GHz with Turbo Boost, 4 Cores, 8 Threads, 12 MB Cache)11th Generation Intel® Core™ i7-1185G7 Processor with vPro® (3.00 GHz, up to 4.80 GHz with Turbo Boost, 4 Cores, 8 Threads, 12 MB Cache)",,,,
https://www.lenovo.com/us/en/p/laptops/thinkpad/thinkpadx/ThinkPad-X13s-(13-inch-Snapdragon)/LEN101T0019,ThinkPad X13s (13” Snapdragon) Laptop,"13.3"" super-responsive Windows with Snapdragon® powered laptop with ISV-certified appsAlways on, always connected: multiday battery life, WiFi 6E, & optional 5G mmWaveIdeal for travelers, hybrid workers, field technicians, & front-line workersAI-based webcam protects system threats & screens for digital wellnessFace-to-face-like videocalls with advanced camera, audio, & displayComprised of 90% recycled magnesium with post-consumer content plastic",https://p2-ofp.static.pub/fes/cms/2022/01/28/574d3rzlnsctz0uft9owfrouax5ack372928.png||https://p1-ofp.static.pub/fes/cms/2022/02/22/k8u7l42czbfc0ob4ze4nxk2oa1xcac466957.jpg||https://p3-ofp.static.pub/fes/cms/2022/01/28/4vfllb54vlrhhp51pph5osiwnmk31l059716.png||https://p2-ofp.static.pub/fes/cms/2022/01/28/cf9d9uo6je64l4oa7l4wo00kgm1wbl565290.png||https://p3-ofp.static.pub/fes/cms/2022/01/28/dwsmc5ch4qoumxehs740356szbt47u312620.png||https://p4-ofp.static.pub/fes/cms/2022/01/28/4pgtiejtf9yt7xivlv8f5hyczex5sf622700.png||https://p1-ofp.static.pub/fes/cms/2022/01/28/hygf68s5mc8ioia0jti3o9uzfhcin2351938.png||https://p2-ofp.static.pub/fes/cms/2022/01/28/gmu2jqkm23ly1s79lzh9a615br5m33028038.png||https://p2-ofp.static.pub/fes/cms/2022/01/28/ig69g9enpojcvhkcaalwna2pr2bj6y120875.png||https://p2-ofp.static.pub/fes/cms/2022/01/28/1lgxurg6suexf4e7jhith2682eaja8315349.png||https://p3-ofp.static.pub/fes/cms/2022/01/28/gq3tcparumwzd9j65yx4lbedbheqrm381333.png||https://p4-ofp.static.pub/fes/cms/2022/01/28/cgi842baf7byaanqbwfxnfbdruc88q181696.png||https://p2-ofp.static.pub/fes/cms/2022/01/28/9d93tbqdob5z844gffm44vr9xx5ojg373455.png,Home>Laptops>ThinkPad>X Series,"In Stock,",904.5,Snapdragon® 8cx Gen 3 Compute Platform (3.00 GHz up to 3.00 GHz),,,,
https://www.lenovo.com/us/en/p/laptops/thinkpad/thinkpadz/Thinkpad-Z16-(16-inch-AMD)/LEN101T0037,ThinkPad Z16 (16” AMD) Laptop,"16"" performance powerhouse running on AMD Ryzen™ PRO 6000 H Series mobile processorsMade from recycled aluminum & post-consumer content recycled plasticHyper-secure chip-to-cloud technology with Microsoft PlutonPremium FHD IR camera, Dolby Voice®, & Dolby Atmos® Speaker SystemAMD discrete graphics options ideal for content creatorsRefined keyboard with enhanced dual-purpose TrackPoint",https://p1-ofp.static.pub/fes/cms/2022/04/29/65kfbwvftiqkgti1q6l4pixnh1fig3043050.png||https://p3-ofp.static.pub/fes/cms/2022/04/29/zbst4k2xqot7uztmqnpout3c1wg5tw022943.png||https://p4-ofp.static.pub/fes/cms/2022/04/29/eyj3jydrfyeoutsuuq2vh7hrve8azt349618.png||https://p2-ofp.static.pub/fes/cms/2022/04/29/35w7epdiu5ktnwdm5bvlv7atf3ls0f461344.png||https://p3-ofp.static.pub/fes/cms/2022/04/29/l91877qjdezoo77van8u9urb6a3k8u500219.png||https://p1-ofp.static.pub/fes/cms/2022/04/29/6q1slqk772n1hdvmjr8f8anokbzkb3808185.png||https://p4-ofp.static.pub/fes/cms/2022/04/29/b0w5014olbnap01t9td0rfd8lpivkl943533.png||https://p2-ofp.static.pub/fes/cms/2022/04/29/5z8gmpo6kjih4j73k7o1ovk4oxb28k112469.png||https://p1-ofp.static.pub/fes/cms/2022/04/29/zgckke52c3x8xz7dz3s5u2xncaqmt2046443.png||https://p1-ofp.static.pub/fes/cms/2022/04/29/ncj03knn6zkhg0b0ek3v0is5emb4cn986941.png||https://p1-ofp.static.pub/fes/cms/2022/05/02/zyvsmkr5k4v0e5q6pyrzepwuamg85z776869.png,Home>Laptops>ThinkPad>ThinkPad Z,"In Stock,",1346.28,"AMD Ryzen™ 5 PRO 6650H Processor (3.30 GHz, up to 4.50 GHz Max Boost, 6 Cores, 12 Threads, 16 MB Cache)AMD Ryzen™ 7 PRO 6850H Processor (3.20 GHz, up to 4.70 GHz Max Boost, 8 Cores, 16 Threads, 16 MB Cache)AMD Ryzen™ 9 PRO 6950H Processor (3.30 GHz, up to 4.90 GHz Max Boost, 8 Cores, 16 Threads, 16 MB Cache)",,,,
https://www.lenovo.com/us/en/p/laptops/thinkpad/thinkpadl/ThinkPad-L14-G2/22TPL14L4N2,ThinkPad L14 Gen 2 (14” Intel) Laptop,"14"" entry-level business deviceDelivers powerful performance with the latest processorsOptional discrete graphicsSpeedy memory and upgrade optionsModern Standby & Rapid Charge technologyHighly portable with top security featuresGreat device for business professionals or students",https://p1-ofp.static.pub/fes/cms/2022/03/28/jx5fotafhb28tbczphutb6mavt1cis980001.png||https://p1-ofp.static.pub/fes/cms/2022/03/28/xfe2qjo69yr98yo4piebvxq57yeyfc883892.png||https://p1-ofp.static.pub/medias/bWFzdGVyfHJvb3R8Njg0MDJ8aW1hZ2UvcG5nfGgwYy9oYmUvMTEzOTk4ODcwNjEwMjIucG5nfGRmY2MwZmE1NDIwMTgyOGQ2ZTBkZmMwOTcxZThhYWM5NGIxMjU0ZTBiNDhiNmU5ZmU3NzU3ZWQ3ODQyZmE5NTA/bWFzdGVyfH.png||https://p1-ofp.static.pub/medias/bWFzdGVyfHJvb3R8MjUzMDIyfGltYWdlL3BuZ3xoZTcvaGY3LzExMzk5ODg3MTkyMDk0LnBuZ3w2YjYxYmMzZWNmMzA2NGQwYjMzMjdhNzA4ZWQ5NjcwODZiYmMxOWE3NmZiN2VjMWI5YjhkODdmNzQ4ZjczOWVh/bWFzdGVyfH.png||https://p1-ofp.static.pub/medias/bWFzdGVyfHJvb3R8OTQ3NTV8aW1hZ2UvcG5nfGgzMy9oYzMvMTEzOTk4ODcyNTc2MzAucG5nfDU4NDQ4ZWY0Y2U1YzM1OWFkZjI1YmJhNjhlYWZjZjRkMmI0MWI1MzRlZjMyMDhmNTZjYmE4ZWRjNzZiNjllYzk/bWFzdGVyfH.png||https://p1-ofp.static.pub/medias/bWFzdGVyfHJvb3R8MjMzNTEzfGltYWdlL3BuZ3xoMjUvaDcxLzExMzk5ODg3NjUwODQ2LnBuZ3wwODU3YmZhZmE4ZTNkZThkY2ViYzMzYTk4MDU0NGViMWJiMmQ4NTM5MDFkNTg5NTI5ZjViYjhjNjdlOTA5NDRk/bWFzdGVyfH.png||https://p1-ofp.static.pub/medias/bWFzdGVyfHJvb3R8ODIzMzZ8aW1hZ2UvcG5nfGhmMC9oNGYvMTEzOTk4ODc3MTYzODIucG5nfDkzYjE4ZTJjYzJhZTk3MjlkNWE5Mzc2YTEwNGVhMWM5YWRhNTY3YjQ3NGViMjg1MjNmMjliYjFjNmNlMWM0YjM/bWFzdGVyfH.png||https://p1-ofp.static.pub/medias/bWFzdGVyfHJvb3R8MjY0NzIzfGltYWdlL3BuZ3xoMTQvaGFiLzExMzk5ODg3Mzg4NzAyLnBuZ3wzZTQwZjE3OTVlNmFjNjcyODQ0ODMxMzhjNjVjZWQwMzMxZDUzZDE5Zjg2MzA3NzRmMWFlZjRiODgxODQ2YzBm/bWFzdGVyfH.png||https://p1-ofp.static.pub/medias/bWFzdGVyfHJvb3R8MTU1MTk4fGltYWdlL3BuZ3xoYzIvaDdlLzExMzk5ODg3NDU0MjM4LnBuZ3xjYzZhNTI5M2JhODY5ODQ5MWU5ZTVmZGZmMTkyOTU3NzkzOGQ1ZTAwZDM1YWU5MzNiMDRiZDU1MjM2YWM2NDRi/bWFzdGVyfH.png||https://p1-ofp.static.pub/medias/bWFzdGVyfHJvb3R8MjA3MzA0fGltYWdlL3BuZ3xoYzcvaDQxLzExMzk5ODg3ODQ3NDU0LnBuZ3xlNjVmZGZlZTk1ZDQwYWZjOWZiNDBkYTMyMDVjMDYzOTFmNTZlNjNhODEwZGYxNTQxMzVmMjIwOTgzYjM1ZjE4/bWFzdGVyfH.png,Home>Laptops>ThinkPad>L Series,"In Stock,",1214.85,"11th Generation Intel® Core™ i5-1135G7 Processor (2.40 GHz, up to 4.20 GHz with Turbo Boost, 4 Cores, 8 Threads, 8 MB Cache)11th Generation Intel® Core™ i5-1145G7 Processor with vPro® (2.60 GHz, up to 4.40 GHz with Turbo Boost, 4 Cores, 8 Threads, 8 MB Cache)11th Generation Intel® Core™ i7-1165G7 Processor (2.80 GHz, up to 4.70 GHz with Turbo Boost, 4 Cores, 8 Threads, 12 MB Cache)",,,,
https://www.lenovo.com/us/en/p/laptops/lenovo/lenovo-edu-chromebooks/IdeaPad-3i-Chromebook-Gen-6-(15-inch-Intel)/LEN101I0031,Lenovo 3i Chromebook (15” Intel) Laptop,Enjoy intuitive performance & reliable processing powerMultitask effortlessly with an optional touchscreen & webcam privacy shutter that keeps you secureVerified Boot technology provides a seamless security check while you work & entertainControl your smart home devices with Google Assistant,https://p2-ofp.static.pub/ShareResource/na/subseries/hero/lenovo-3i-chromebook-15-inch.png||https://p4-ofp.static.pub/ShareResource/na/products/chromebook/1060x596/lenovo-ideapad-3i-chromebook-s360-15-artic-grey-02.png||https://p1-ofp.static.pub/ShareResource/na/subseries/gallery/lenovo-3i-chromebook-15-inch-01.png||https://p3-ofp.static.pub/ShareResource/na/subseries/gallery/lenovo-3i-chromebook-15-inch-02.png||https://p3-ofp.static.pub/ShareResource/na/subseries/gallery/lenovo-3i-chromebook-15-inch-03.png||https://p1-ofp.static.pub/fes/cms/2021/12/30/s6twbg73a1zc2pxqzpvpt9s21o2x50751952.png||https://p2-ofp.static.pub/fes/cms/2021/12/30/pcb2ef1h4lf446ndndsnsslhsdlvrg806568.png||https://p1-ofp.static.pub/fes/cms/2021/12/30/tq3vky6ilk0wvn677mgcnhykp50jgq699180.png||https://p3-ofp.static.pub/fes/cms/2021/12/30/fpzpc447uixzdlbzld8gg0wi07gcep146288.png||https://p2-ofp.static.pub/ShareResource/na/products/chromebook/1060x596/lenovo-ideapad-3i-chromebook-s360-15-artic-grey-01.png||https://p3-ofp.static.pub/ShareResource/na/products/chromebook/1060x596/lenovo-ideapad-3i-chromebook-s360-15-artic-grey-03.png||https://p1-ofp.static.pub/ShareResource/na/products/chromebook/1060x596/lenovo-ideapad-3i-chromebook-s360-15-artic-grey-05.png||https://p3-ofp.static.pub/ShareResource/na/products/chromebook/1060x596/lenovo-ideapad-3i-chromebook-s360-15-artic-grey-04.png,Home>Laptops>Lenovo>Student Chromebooks,"In Stock,",419.99,"Intel® Pentium® Silver N6000 Processor (1.10 GHz, up to 3.30 GHz Burst, 4 Cores, 4 Threads, 4 MB Cache)Intel® Celeron® N4500 Processor (1.10 GHz, up to 2.80 GHz Burst, 2 Cores, 2 Threads, 4 MB Cache)",,,,
https://www.lenovo.com/us/en/p/laptops/lenovo/lenovo-edu-chromebooks/Duet-5-Chromebook-Gen-6-(13-inch-QCOM)/LEN101I0023,Lenovo Chromebook Duet 5 13”,"Carry this detachable Chromebook with you anywhere, use as a laptop or tabletPerfect for work or play – experience easy viewing on an OLED display with touchscreenEnjoy long usage from day to night with up to 15 hours battery lifeStay stress-free with easy access to your Google drive and keep your Chrome preferences just the way you want them",https://p1-ofp.static.pub/fes/cms/2021/09/03/5jbi651ohk5xv84eswkaqmmfd954mv970418.png||https://p1-ofp.static.pub/fes/cms/2022/08/17/xfry87umnyspcb4h90ifxgixm59rm8611110.png||https://p1-ofp.static.pub/fes/cms/2022/08/17/3dy4fia2xpnhdx3u2q3hagtm3dzw7k863561.png||https://p4-ofp.static.pub/fes/cms/2022/08/17/9xc3n5wtk6e90yuz1kbwmowbmsqxlo996774.png||https://p2-ofp.static.pub/fes/cms/2022/08/17/x2ghllxzh1787fc2fdvy3m45zi5djk882309.png||https://p1-ofp.static.pub/fes/cms/2022/08/17/9n3na2zgl8bzl0modlvp4mma4h2wmd490511.png||https://p2-ofp.static.pub/fes/cms/2022/08/17/8mqr20o0t6okm28gwo7kcwhh0y2esi997555.png||https://p3-ofp.static.pub/fes/cms/2022/08/17/164kdrcv0vtzwd087ro4mvvrq7jvqz004501.png||https://p3-ofp.static.pub/fes/cms/2022/08/17/nuw3laoc18z3ncoom37l5se119kf4r253918.png||https://p3-ofp.static.pub/fes/cms/2022/08/17/exw6fm2gkaulsc18yqmyv8dmsr2dx9714014.png||https://p4-ofp.static.pub/fes/cms/2022/08/17/s7arahtlm3x87ixrqrw35i375u6gn1600722.png||https://p3-ofp.static.pub/fes/cms/2022/08/17/fzntv3logz6ieb488vaxsdhsmh45m2740251.png||https://p2-ofp.static.pub/fes/cms/2022/08/17/w781j8rp8z2gw78qjqydsmozd0gzjr922610.png||https://p2-ofp.static.pub/fes/cms/2022/08/17/3a1pyo828cbs1ain9fs303we7g8t3k698958.png||https://p3-ofp.static.pub/fes/cms/2022/08/17/yg2f4yqg0vlaq9yqf6i3lox6v1ba2f381477.png||https://p3-ofp.static.pub/fes/cms/2022/08/17/xfx3egfhr7ll4qwb81io7rjn91jf0h459198.png,Home>Laptops>Lenovo>Student Chromebooks,"In Stock,",379,"Qualcomm® Snapdragon™ SC7180 Processor (8x Kryo 468 CPU, up to 2.55 GHz)",,,,
https://www.lenovo.com/us/en/p/laptops/lenovo/lenovo-edu-chromebooks/IdeaPad-Duet-3-Chromebook-(11-inch-QCOM)/LEN101I0034,Lenovo Chromebook Duet 3 (11”) ,"Flexible 2-in-1 Chromebook with detachable keyboardBrilliant 11"" 2K near-borderless touchscreenLight as a feather weighing from 516g / 1.14lbsAll day battery life with superb connectivity, plus Bluetooth® 5.1 & USB-C portStylus pen support, ideal for notetaking & sketching on screenPowered by Qualcomm Snapdragon™ & Chrome OSNewest Chromebook Duet available",https://p1-ofp.static.pub/fes/cms/2022/02/07/wqxix257tzfxykqtf5z9cexeumvcnd713803.png||https://p2-ofp.static.pub/fes/cms/2022/02/07/1qkzu5ppaqnz7yxgxlsltrvbrujmuj531798.png||https://p4-ofp.static.pub/fes/cms/2022/02/07/udm6ghict3qccoytma77li44qy6uoa035628.png||https://p1-ofp.static.pub/fes/cms/2022/02/07/9chxduzrub81pktc6or7f1b3aiyku2647593.png,Home>Laptops>Lenovo>Student Chromebooks,"In Stock,",294.99,"Snapdragon® 7c Gen 2 compute platform (8x Kryo 468 CPU, up to 2.55 GHz)",,,,
https://www.lenovo.com/us/en/p/laptops/thinkpad/thinkpadc/ThinkPad-C14-Chromebook-Enterprise-(14-inch-Intel)/LEN101T0022,ThinkPad C14 Chromebook Enterprise (14” Intel),"Powerful 14"" cloud-first Chromebook, ideal for working from anywhereHigh-performance meets enhanced security, connectivity, & valueMultilayered security, from encrypted security chip to webcam privacy shutterEasy to deploy, manage, customize, & secure remotelySuperb connectivity, includes WiFi 6E* & Intel® Thunderbolt™ 4",https://p1-ofp.static.pub/fes/cms/2022/07/18/jbxy0f0frufaoqya2p6w3d91pcx1l2051385.png||https://p2-ofp.static.pub/fes/cms/2022/07/18/5tl1mrmu2a57yrnfyih5gafuyjh0nf890450.png||https://p4-ofp.static.pub/fes/cms/2022/04/21/wpytyk10n48kr5yw3c2oxipg6mew5l652694.jpg||https://p3-ofp.static.pub/fes/cms/2022/04/21/q08uqq084ioz1i1u5kxmnfjjxs6p98946056.jpg||https://p2-ofp.static.pub/fes/cms/2022/04/21/t91g3vtdgfzklr49fk0yvxqv023nsv882444.jpg||https://p4-ofp.static.pub/fes/cms/2022/04/21/afe5wyi4s89hb19fvqjxyvp9ulidte359489.jpg||https://p3-ofp.static.pub/fes/cms/2022/04/21/uelb1o70yxc80fdk15dct29so19ier287228.jpg,Home>Laptops>ThinkPad>C Series,"In Stock,",347.1,"12th Generation Intel® Core™ i3-1215U Processor (E-Core Max 3.30 GHz, P-Core Max 4.40 GHz with Turbo Boost, 6 Cores, 8 Threads, 10 MB Cache)12th Generation Intel® Core™ i5-1235U Processor (E-Core Max 3.30 GHz, P-Core Max 4.40 GHz with Turbo Boost, 10 Cores, 12 Threads, 12 MB Cache)12th Generation Intel® Core™ i5-1245U Processor with vPro® (E-Core Max 3.30 GHz, P-Core Max 4.40 GHz with Turbo Boost, 10 Cores, 12 Threads, 12 MB Cache)12th Generation Intel® Core™ i7-1265U Processor with vPro® (E-Core Max 3.60 GHz, P-Core Max 4.80 GHz with Turbo Boost, 10 Cores, 12 Threads, 12 MB Cache)",,,,
https://www.lenovo.com/us/en/p/laptops/thinkpad/thinkpadc/ThinkPad-C13-Yoga-Chromebook-Enterprise/22TPC13C3Y1,ThinkPad C13 Yoga Chromebook (13”) 2-in-1 Laptop,"13.3"" flexible 2-in-1, Chromebook Enterprise PC Offers IT admin easy, cloud-based managed & business enterprise applications Backed with ThinkShieild security suiteMilitary-grade tested for durability and reliabilityAll day battery life for extreme productivityPortable, sleek, all aluminum chassisIdeal for anyone working remotely, on-the-go, or in public-facing positions",https://p1-ofp.static.pub/medias/bWFzdGVyfHJvb3R8ODkxODB8aW1hZ2UvcG5nfGhiNC9oZTcvMTEyNTY3MjI3NTE1MTgucG5nfDUwZThmMjE1Njk1MDkyMWU4ZDBhZmQ2NGMwZTc1Nzg4MzBiZDQwYTNiMTYwMGQyNGQ3MTBkMDBiMzcwMDcwYWU/lenovo-thinkpad-c13-yoga-chromebook-enterprise-amd-subseries-hero.png||https://p1-ofp.static.pub/medias/bWFzdGVyfHJvb3R8ODk2MTB8aW1hZ2UvcG5nfGg3Zi9oYzYvMTEyNTY3MjI4MTcwNTQucG5nfGYzNzgwYzEzZTFkNjk4ZjQzNzlhNmM2ZWVkNmM1MmM2N2UwMWU2YTMyOGM4MDI1NWVmZDY2YTJhMzEyYmI5ZjQ/lenovo-thinkpad-c13-yoga-chromebook-enterprise-amd-subseries-gallery-1.png||https://p1-ofp.static.pub/medias/bWFzdGVyfHJvb3R8MjIzMTk0fGltYWdlL3BuZ3xoZTQvaGY0LzExMDk5OTA4MDE0MTEwLnBuZ3xiODFiNDE2NWFiNGI5ZGU1NjBmNTM2ZDEyMTFmMmY3NTBiMzhhZDk5MThmMDY1ZGE5OGRmNGQ0NjljYTRhMjU5/lenovo-thinkpad-c13-yoga-chromebook-enterprise-amd-subseries-gallery-2.png||https://p1-ofp.static.pub/medias/bWFzdGVyfHJvb3R8MTMzOTI5fGltYWdlL3BuZ3xoZDgvaGFhLzExMDk5OTA4MTQ1MTgyLnBuZ3wyZmU5MDQwZTM2ZDM4NWU2NDk3ZjIyNDYzNWRhMmZkMjYzN2I2MGFlY2Y1MmMwOGViY2NiNDA5YTc0MjQ1MTRj/lenovo-thinkpad-c13-yoga-chromebook-enterprise-amd-subseries-gallery-3.png||https://p1-ofp.static.pub/medias/bWFzdGVyfHJvb3R8NzMzNDF8aW1hZ2UvcG5nfGgyMC9oMTkvMTEwOTk5MDgyNzYyNTQucG5nfGMxYWZmYjk3YmM5MjUyOGNmZDcxNTJjZDc2MTNlMjM1MDg1MDU4NzJkMjIxYTNlNTk5ZDUxMWRhMGY4NDI3OTQ/lenovo-thinkpad-c13-yoga-chromebook-enterprise-amd-subseries-gallery-4.png||https://p1-ofp.static.pub/medias/bWFzdGVyfHJvb3R8MTE2Mzc4fGltYWdlL3BuZ3xoNTAvaDI5LzExMjU2NzIzMDc5MTk4LnBuZ3w2NTgxOTEyYjMyOTg1MWY0MmU5Njc5YTg4MDg4YWM0OGUzZjIyNWY3ZmQzNzM5N2NlNDIyNjU2YTA0ZDdlNWMw/lenovo-thinkpad-c13-yoga-chromebook-enterprise-amd-subseries-gallery-5.png||https://p1-ofp.static.pub/medias/bWFzdGVyfHJvb3R8ODgxOTB8aW1hZ2UvcG5nfGgwYy9oZTcvMTEyNTY3MjM2MzYyNTQucG5nfDg2ZDk4MTNjNzcwN2ExNWE2MGYzOTg4NTg3NmM3NTgxZGIwNmQ0NzU4ZDJlNDE5OTViMzJjYTMxZTIyZTc2M2I/lenovo-thinkpad-c13-yoga-chromebook-enterprise-amd-subseries-gallery-6.png||https://p1-ofp.static.pub/medias/bWFzdGVyfHJvb3R8MTU2NDQ5fGltYWdlL3BuZ3xoZjEvaDQ3LzExMjU2NzIzMzc0MTEwLnBuZ3xiZDMzYmM5MjM1ZWI0NTZlNThhMTNkN2IyNTE1NjQxZTI2Y2U0NTVkNTc2NTMzYjc1NzQwOTQxODY4MTlmNzAx/lenovo-thinkpad-c13-yoga-chromebook-enterprise-amd-subseries-gallery-7.png||https://p1-ofp.static.pub/medias/bWFzdGVyfHJvb3R8MzYyOTYzfGltYWdlL3BuZ3xoMzgvaDY2LzExMDk5OTA4ODAwNTQyLnBuZ3w1NjM4N2M1ZGM1NzUyMzQyZmViZjhjOGY2ZDk1N2E2Y2Y0ZDZlYmUzYTA3NjY5OTFjYzBmMWQwNjM1OGYwZGUz/lenovo-thinkpad-c13-yoga-chromebook-enterprise-amd-subseries-gallery-8.png||https://p1-ofp.static.pub/medias/bWFzdGVyfHJvb3R8MTQ5OTY0fGltYWdlL3BuZ3xoN2YvaDJiLzExMDk5OTA4OTMxNjE0LnBuZ3xiOGJjOTMzYTYyYzJkMTM2NWViYWZmZGNhNDQ3MTIzYTA0NGM4NWYyNTZkYmZmYWZkNmRiMTcyM2Y0NGM1MDdh/lenovo-thinkpad-c13-yoga-chromebook-enterprise-amd-subseries-gallery-9.png||https://p1-ofp.static.pub/medias/bWFzdGVyfHJvb3R8MjQwOTJ8aW1hZ2UvcG5nfGhjZC9oMGYvMTEwOTk5MDc4ODMwMzgucG5nfDgxYjdiNmQ0YjIyOWQ0YjQ1NmRjYWFmODhhMzRhYzlkZjUwNTA3YWI1NmY1NzBiZDA5YjM3NTIwZTY1ZjhhZTU/lenovo-thinkpad-c13-yoga-chromebook-enterprise-amd-subseries-gallery-10.png,Home>Laptops>ThinkPad>C Series,"In Stock,",382.85,"AMD Athlon™ Gold 3150C Processor (2.40 GHz, up to 3.30 GHz Max Boost, 2 Cores, 4 Threads, 4 MB Cache)AMD Ryzen™ 5 3500C Processor (2.10 GHz, up to 3.70 GHz Max Boost, 4 Cores, 8 Threads, 4 MB Cache)AMD Ryzen™ 3 3250C Processor (2.60 GHz, up to 3.50 GHz Max Boost, 2 Cores, 4 Threads, 4 MB Cache)AMD Ryzen™ 7 3700C Processor (2.30 GHz, up to 4.00 GHz Max Boost, 4 Cores, 8 Threads, 4 MB Cache)",,,,
https://www.lenovo.com/us/en/p/desktops/ideacentre/aio-300-series/IdeaCentre-AIO-3i-Gen-7-(27-inch-Intel)/LEN102D0023,IdeaCentre AIO 3i (27″ Intel) Desktop,27″ all-in-one PC powered by 12th Generation Intel® Core™ processorsVivid IPS FHD display featureHarman Kardon®-certified speakers deliver room-filling audioConvenient facial login using high resolution webcam with built-in infrared sensorIntegrated features that help keep your workspace clutter-free,https://p4-ofp.static.pub/fes/cms/2022/06/13/uuik46wo1cwnx8gvahmsmai4sfsciz073748.png||https://p2-ofp.static.pub/fes/cms/2022/06/13/x1944x0obzxl6202b2nwkeulw9rxw7297038.jpg||https://p1-ofp.static.pub/fes/cms/2022/06/13/w9mpme3ce06ltxr2wj57lt5jpuhymm519621.jpg||https://p4-ofp.static.pub/fes/cms/2022/06/13/5w6q8dvx0bdsy5bfn7fq7hs07ld7wr742919.jpg||https://p1-ofp.static.pub/fes/cms/2022/06/13/336jldrzaug9t4jo3l7q6ewuwnx0ku091246.jpg||https://p4-ofp.static.pub/fes/cms/2022/06/13/oujms8qz61d9v7g7c15jf5xblj9x2l537361.jpg||https://p4-ofp.static.pub/fes/cms/2022/06/13/gwldh4iyr4dhtnw1hazfuyrnnmvjfd323746.jpg||https://p1-ofp.static.pub/fes/cms/2022/06/13/e8tzuu1ya2o0925ei7wmku5xpnesf1374726.jpg,Home>Desktops and All-in-Ones>IdeaCentre>AIO 300 Series,"In Stock,",779.99,"12th Generation Intel® Core™ i5-1240P Processor (E-Core Max 3.30 GHz, P-Core Max 4.40 GHz with Turbo Boost, 12 Cores, 16 Threads, 12 MB Cache)",,,,
https://www.lenovo.com/us/en/p/desktops/thinkcentre/m-series-aio/ThinkCentre-M90a/WMD00000403,ThinkCentre M90a All-in-One PC,"Adjustable 23.8"" FHD displayState-of-the-art, all-in-one desktop PCDesigned on Intel vPro® platformRobust storage and discrete graphics optionsEquipped with noise-canceling mic—ideal for VOIP callsGreat time-saving toolsOptional IR cameraTop hardware & software security featuresPerfect for a front office or work from home professional",https://p3-ofp.static.pub/fes/cms/2022/10/06/hb9h4yutwbq60w2lv4tepo7hthj00h363964.png||https://p1-ofp.static.pub/fes/cms/2022/09/23/vq6my6h1f7x161kzs54rus3fgpc72j196625.png||https://p2-ofp.static.pub/fes/cms/2022/09/23/b6osorupa6mchd83yxjffi0f8y44v6745191.png||https://p3-ofp.static.pub/fes/cms/2022/09/23/rlm29g2ks3e1kmcpg9ec9sde4mohvt895633.png||https://p4-ofp.static.pub/fes/cms/2022/09/23/dhdy7m6aj2yu27lmprekw3rn3d2yh4370586.png||https://p2-ofp.static.pub/fes/cms/2022/09/23/qs248i2gmwbl3985b24b1k4p0fljlm806943.png||https://p2-ofp.static.pub/fes/cms/2022/09/23/gbkb1avttu5x362feg5oli4zx96mkc338579.png||https://p4-ofp.static.pub/ShareResource/na/products/thinkcentre/1060x596/lenovo-thinkcentre-m90a-gen3.jpg,Home>Desktops and All-in-Ones>ThinkCentre>M Series AIO,"In Stock,",798,"Intel® Pentium® Gold G6400 Processor (4.00 GHz, 2 Cores, 4 Threads, 4 MB Cache)10th Generation Intel® Core™ i3-10100 Processor (3.60 GHz, up to 4.30 GHz with Turbo Boost, 4 Cores, 8 Threads, 6 MB Cache)10th Generation Intel® Core™ i3-10300 Processor (3.70 GHz, up to 4.40 GHz with Turbo Boost, 4 Cores, 8 Threads, 8 MB Cache)10th Generation Intel® Core™ i3-10320 Processor (3.80 GHz, up to 4.60 GHz with Turbo Boost, 4 Cores, 8 Threads, 8 MB Cache)10th Generation Intel® Core™ i5-10400 Processor (2.90 GHz, up to 4.30 GHz with Turbo Boost, 6 Cores, 12 Threads, 12 MB Cache)10th Generation Intel® Core™ i5-10500 Processor with vPro® (3.10 GHz, up to 4.50 GHz with Turbo Boost, 6 Cores, 12 Threads, 12 MB Cache)10th Generation Intel® Core™ i5-10600 Processor with vPro® (3.30 GHz, up to 4.80 GHz with Turbo Boost, 6 Cores, 12 Threads, 12 MB Cache)10th Generation Intel® Core™ i7-10700 Processor with vPro® (2.90 GHz, up to 4.80 GHz with Turbo Boost, 8 Cores, 16 Threads, 16 MB Cache)10th Generation Intel® Core™ i9-10900 Processor with vPro® (2.80 GHz, up to 5.20 GHz with Turbo Boost, 10 Cores, 20 Threads, 20 MB Cache)",,,,
https://www.lenovo.com/us/en/p/desktops/ideacentre/aio-500-series/IdeaCentre-AIO-5i-27/FFICF500348,"IdeaCentre 5i 27"" All in One","Run your programs & apps seamlessly with up to 10th Gen Intel® Core™ i7 processorsEnjoy a sharper picture with a 27 inch QHD touchscreen displayVideo calls & recording are made easy using a 1080p & IR camera with physical privacy shutterCertified JBL® speakers by Harman®, integrated graphics & efficient array of portsMakes a great work from home or learn from home desktop PC",https://p1-ofp.static.pub/fes/cms/2022/06/01/nyjnjjvwh4uqeracq9wra0v3fkm480609948.png||https://p1-ofp.static.pub/medias/bWFzdGVyfHJvb3R8MTgxMDMxfGltYWdlL2pwZ3xoMzgvaDEyLzEwOTA0NTUwMjc3MTUwLmpwZ3xiN2EzM2FjZWM4NzQ2NGFiNGNhOWU3ODIzOTBhY2EwYzMwMjMxZTU5M2MyNTIxZGEyYzUwMDcwY2E5NmEwZjY3/lenovo-desktop-ideacentre-aio-5-27-gallery-1.jpg||https://p1-ofp.static.pub/medias/bWFzdGVyfHJvb3R8MjMzNzk2fGltYWdlL2pwZ3xoOTAvaGZiLzEwOTA0NTUwNDczNzU4LmpwZ3wxMmNlMDk2MmMzNTdhYTViMDQ0MGNjMDFjMDc3ODVlOTY3N2FiN2YxZjc2NjA1OWQyMjViY2EwMTRlMDc3ODAw/lenovo-desktop-ideacentre-aio-5-27-gallery-2.jpg||https://p1-ofp.static.pub/medias/bWFzdGVyfHJvb3R8MjAxMzA4fGltYWdlL2pwZ3xoM2EvaGUzLzEwOTA0NTUwNTM5Mjk0LmpwZ3xmNWUwZTFhMDQxYTUwYWZhMmM5MmFjZGJiZTBmNDIzMzVmYzMwNTI1MjJkYjBmZjVhZmJmNTQ0YThjZDIxN2I0/lenovo-desktop-ideacentre-aio-5-27-gallery-3.jpg||https://p1-ofp.static.pub/medias/bWFzdGVyfHJvb3R8MjA3MjU2fGltYWdlL2pwZ3xoMmQvaDFkLzEwOTA0NTUwNjA0ODMwLmpwZ3w5ZTg4OWNlZTAyOGM3NjViNmI2NzZkNzg3ZTA5OGVjMWE1NTNjZTdkOWYyNGJkZDMxMGQ4OWMzYjkzOTFjMGQ2/lenovo-desktop-ideacentre-aio-5-27-gallery-4.jpg||https://p1-ofp.static.pub/medias/bWFzdGVyfHJvb3R8MTQxMjEzfGltYWdlL2pwZ3xoNmUvaGI5LzEwOTA0NTUwNjcwMzY2LmpwZ3xmZGNjMjQ0MjI5Mjk1MjA1ODExMGU5OTgzNzIyNGY3ZmFiOGEyZTIyZjNkYjhmNzYyZjVkMjQwZjk0OTgxY2E0/lenovo-desktop-ideacentre-aio-5-27-gallery-5.jpg||https://p1-ofp.static.pub/medias/bWFzdGVyfHJvb3R8ODMyMzN8aW1hZ2UvanBnfGg4OS9oNzQvMTA5MDQ1NTA3MzU5MDIuanBnfDIwYjY1NTMxYTA1ZWZjMzViMWY5OGRlMDk1NTM4Njg1YjQ0ZTAxMmI4ZmI5YTVlMzViMGRhMDY0OWM0NDMzZmM/lenovo-desktop-ideacentre-aio-5-27-gallery-6.jpg||https://p1-ofp.static.pub/medias/bWFzdGVyfHJvb3R8NzI0OTV8aW1hZ2UvanBnfGg5Zi9oNjEvMTA5MDQ1NTA4MDE0MzguanBnfGVjNTE3NTcyNTRkYWY2YmQ5NmM1NzZiY2I4MzNjNjdmNmU1ZDBmMGFlNGRjYTBmOTgwZjg2YzVkNjIzZmE3YTY/lenovo-desktop-ideacentre-aio-5-27-gallery-7.jpg||https://p1-ofp.static.pub/medias/bWFzdGVyfHJvb3R8MTQyMDE3fGltYWdlL2pwZ3xoOTUvaGJlLzEwOTA0NTUwODY2OTc0LmpwZ3w2OWE2N2M4NzJhMWViYWYxNWQ1ZDQ2NWVkODg4MmQ5MzIyODkxNTQ0MzcyZWM2NTFkMTRkMWI5NDFlNWI1ODVh/lenovo-desktop-ideacentre-aio-5-27-gallery-8.jpg||https://p1-ofp.static.pub/medias/bWFzdGVyfHJvb3R8MjkyMDF8aW1hZ2UvanBnfGg2OC9oMzIvMTA5MDQ1NTA5MzI1MTAuanBnfDFmNjY4NTY5NDA3ZTYxNjE1OWNhYTE2ZWVjYjgyYWExNWMyMDk3ZmZiMTQwYmY0NDk4YzNkYmM3OGQzMmE2YTM/lenovo-desktop-ideacentre-aio-5-27-gallery-9.jpg||https://p1-ofp.static.pub/medias/bWFzdGVyfHJvb3R8Mjc1NTA5fGltYWdlL2pwZ3xoZDgvaDY5LzEwOTA0NTUwMzQyNjg2LmpwZ3xlNWU5ZTBkODUyM2MxM2M2ODkzOWFiM2NkYjI5YzJiMWI5ZGE2NTM2MTg4MDlmOTM3ZTNiY2ViMDczNmM0Y2Jm/lenovo-desktop-ideacentre-aio-5-27-gallery-10.jpg||https://p1-ofp.static.pub/medias/bWFzdGVyfHJvb3R8MTkzMTAzfGltYWdlL2pwZ3xoYjkvaGQyLzEwOTA0NTUwNDA4MjIyLmpwZ3w0MGJlYTI5ZDBkNzQ5NjM4YTFhYWFlMzhmMjdkYjFkM2ZiNzJkYTEwNThlNTYwYTU1NTFhYWFhNDMwYTQyYTE0/lenovo-desktop-ideacentre-aio-5-27-gallery-11.jpg,Home>Desktops and All-in-Ones>IdeaCentre>AIO 500 Series,"In Stock,",979.99,"10th Generation Intel® Core™ i5-10400T Processor (2.00 GHz, up to 3.60 GHz with Turbo Boost, 6 Cores, 12 Threads, 12 MB Cache)",,,,
https://www.lenovo.com/us/en/p/desktops/thinkcentre/m-series-aio/ThinkCentre-M70a/WMD00000402,ThinkCentre M70a All-in-One PC,"Up to 10th Gen Intel® Core™ i9 processingFeatures an adjustable 21.5"" FHD displayEasy to set up, use, and manageDolby Atmos® audioPlenty of memory and storageMilitary-grade tested for durabilityTop hardware and software security featuresIncludes USB Keyboard & MouseGreat for the office or at-home professionals",https://p4-ofp.static.pub/fes/cms/2022/04/05/k79u5akx2r8xbxud71yn5ogf2s8mp0348065.png||https://p1-ofp.static.pub/medias/bWFzdGVyfHJvb3R8MTEyNTE1fGltYWdlL2pwZWd8aGFhL2gzZS8xMDkwMjM1OTQwODY3MC5qcGd8ZTBhNjE5MjAxZWE5MTJmNjFlMTIyMDdhMzFlODM1NTg2MWU0YzVmN2UwODZmNjM5ZjVjYzdhOTM0NDJjMGFmNg/lenovo-thinkcentre-m70a-subseries-gallery-1.jpg||https://p1-ofp.static.pub/medias/bWFzdGVyfHJvb3R8MTAyNzQ2fGltYWdlL2pwZWd8aGZiL2g4Yy8xMDkwMjM1OTgwMTg4Ni5qcGd8YjU2MDBiZWQ2NzZmMWYwMmYwZDk1MjYzYTAzYmM3YTk0MDg2ZDg4MzY2MTE3OWIwOTA4N2MyN2UwMTE4NmQyMA/lenovo-thinkcentre-m70a-subseries-gallery-2.jpg||https://p1-ofp.static.pub/medias/bWFzdGVyfHJvb3R8MTE3MjE2fGltYWdlL2pwZWd8aDMyL2g1My8xMDkwMjM2MDEyOTU2Ni5qcGd8Mjc0ODk0N2FkMGM4NDhjNDE3ZWFjZmRkNmQ3MDQ5NmFjNzEwY2UyMGQ4NmFlNTc5YzUzNjZkNWVkM2NjNjZjNg/lenovo-thinkcentre-m70a-subseries-gallery-3.jpg||https://p1-ofp.static.pub/medias/bWFzdGVyfHJvb3R8NTQ0NzB8aW1hZ2UvanBlZ3xoYWUvaGZhLzEwOTAyMzYwMjkzNDA2LmpwZ3wyM2JjNDEwZDI5YjZhZjk2MWNiYzc0NmU3MDE3NDAzZWU5NWE5NmUxMGI3OWVmZjM5ZmQ2YjE3NGFjZDQ2ODk3/lenovo-thinkcentre-m70a-subseries-gallery-4.jpg||https://p1-ofp.static.pub/medias/bWFzdGVyfHJvb3R8NzU2MTd8aW1hZ2UvanBlZ3xoZDcvaGRlLzEwOTAyMzYwNTIyNzgyLmpwZ3xkYWY0MGUzNjllMDcwY2U5ZDlkZTJiNDg3NzMxYzE5YjBhYTE4YTkyYzUxMmM3MWYyNzk3ODEwYmZjZGY0OTVh/lenovo-thinkcentre-m70a-subseries-gallery-5.jpg||https://p1-ofp.static.pub/medias/bWFzdGVyfHJvb3R8NDg1ODd8aW1hZ2UvanBlZ3xoNzYvaDAyLzEwOTAyMzYwOTgxNTM0LmpwZ3w5ODFlNWYxMTUxNzQ3MDc3Mjc2MWQ5NjAwMTFmZjVhZWVjZmRmMjdkYThjNzMxZGM5MTQzOTk1YjczZGM1Yzhm/lenovo-thinkcentre-m70a-subseries-gallery-6.jpg,Home>Desktops and All-in-Ones>ThinkCentre>M Series AIO,"In Stock,",701,"Up to 10th Generation Intel® Core™ i9-10900 Processor with vPro™ (2.80 GHz, up to 5.20 GHz with Turbo Boost, 10 Cores, 20 Threads, 20 MB Cache)",,,,
https://www.lenovo.com/us/en/p/desktops/thinkcentre/m-series-towers/ThinkCentre-M70t/WMD00000404,ThinkCentre M70t Tower Desktop,"Packed with the latest Intel® Core™ processingFast memory for multitasking and heavy dataConvenient features and eco-friendly designTop hardware and software security featuresCan support multiple monitorsEasy set-up, great for any home or office",https://p2-ofp.static.pub/fes/cms/2022/09/23/7tb57afhobt10eqbuoh3r39ebn40dq704546.png||https://p1-ofp.static.pub/medias/bWFzdGVyfHJvb3R8Nzc0OTV8aW1hZ2UvcG5nfGgzZi9oMmUvMTE1OTg3MjU1MTMyNDYucG5nfDQ4N2Y5YTRmMDg4YzM2MjkxM2FmOGYxOGFmZmQzYTQzMzBiNjM4YzA3Y2ZlMTM1MjNiNTg5MTM3NDZmYjE1ZGI/lenovo-desktops-and-all-in-ones-thinkcentre-m-series-towers-thinkcentre-m70t-gen2-gallery-1.png||https://p1-ofp.static.pub/medias/bWFzdGVyfHJvb3R8NzA3Mjl8aW1hZ2UvcG5nfGgwMC9oZmEvMTE1OTg3Mjc5MDUzMTAucG5nfDdhZDJkY2IyMjA0ZjVlMjVmZDYzYmQ0ZWJhYjI4NjVlYzc4M2E5OTcwZjA1NzY3Zjk4NjVmNWM0MTdlZmY1ZGY/lenovo-desktops-and-all-in-ones-thinkcentre-m-series-towers-thinkcentre-m70t-gen2-gallery-2.png||https://p1-ofp.static.pub/medias/bWFzdGVyfHJvb3R8MTA4NTEzfGltYWdlL3BuZ3xoZDUvaDFiLzExNTk4NzI4MTAxOTE4LnBuZ3xjMmJmYzMyOGM0NTA2MzcxZjY3MmRiOWNmZmUzZDIwMmQ5ODUzOGI3ZTk4ZTVmYTQ5ZTZiYWM3YjRjM2ZmZDRk/lenovo-desktops-and-all-in-ones-thinkcentre-m-series-towers-thinkcentre-m70t-gen2-gallery-3.png||https://p1-ofp.static.pub/medias/bWFzdGVyfHJvb3R8MTA0MzgxfGltYWdlL3BuZ3xoNzAvaDJlLzExNTk4NzI4ODIyODE0LnBuZ3xmMmFkYmM1YjgyNTA5OWNlZWYyMzMzODlhNmRjM2E0Y2JhMzVmODM2ODg2ZTg0YjVkODIyYTQ4ZjczZWExMDRl/lenovo-desktops-and-all-in-ones-thinkcentre-m-series-towers-thinkcentre-m70t-gen2-gallery-4.png||https://p1-ofp.static.pub/medias/bWFzdGVyfHJvb3R8ODA1MjJ8aW1hZ2UvcG5nfGhmZC9oNzMvMTE1OTg3Mjk2MDkyNDYucG5nfGVjZTRhMjk5MzE2ODYxZTMwYTFkODIxYzExMmM2YzZhZmE2MzFkZTYyMTM0OGRiYTQ5MWU1YTc0MDQ5NDkzNWE/lenovo-desktops-and-all-in-ones-thinkcentre-m-series-towers-thinkcentre-m70t-gen2-gallery-5.png||https://p1-ofp.static.pub/medias/bWFzdGVyfHJvb3R8NTczNjR8aW1hZ2UvanBnfGg5MC9oOGIvMTA4ODM4ODU2OTUwMDYuanBnfDA1MzlkYTdhZmJhZWU3MDhmZGUzMjczZTYzYmI2M2IzZGMxYjNlZDc1N2ViZWI2OTMwMzUxMjBkMjA3YjFjYWM/lenovo-thinkcentre-m70t-subseries-gallery-6.jpg,Home>Desktops and All-in-Ones>ThinkCentre>M Series Towers,"In Stock,",493,"Up to 10th Generation Intel® Core™ i9-10900 Processor with vPro® (2.80GHz, up to 5.20GHz with Turbo Boost, 10 Cores, 20 Threads, 20MB Cache)Intel® Pentium® Gold G6400 Processor (4.0GHz, 2 Cores, 4 Threads, 4MB Cache)",,,,
https://www.lenovo.com/us/en/p/desktops/ideacentre/500-series/IdeaCentre-5-14ARE05/99IC9500363,IdeaCentre 5 AMD Desktop Tower,"Enjoy powerful & affordable AMD Ryzen™ processorsDual drives – HDD & SSD – allows for greater storage for photos, movies & so much moreCreate content or get some light gaming in with Integrated AMD Radeon™ graphicsConvenient front-facing sliding panel hides drives & ports you aren’t using while making them easy to accessLimitless, versatile desktop tower the whole family can use",https://p1-ofp.static.pub/medias/bWFzdGVyfHJvb3R8NTc4Njl8aW1hZ2UvcG5nfGg5Ny9oY2IvMTA5MzUyMzk2MzkwNzAucG5nfGQwOWVhYmQ1NGE0ZGQzNDU5NjJiZDhkNzg5YjljOTQyMWYyMDQyMmJhMzMyYThhOTkzYmI0ZDJmM2FjMzFhYTA/lenovo-desktops-ideacentre-500series-5-hero.png||https://p1-ofp.static.pub/medias/bWFzdGVyfHJvb3R8Njk0OTZ8aW1hZ2UvcG5nfGhlYi9oNDcvMTA5MzUyMzg0NTk0MjIucG5nfDVmMTkxN2FiODNkMTJiMTczNTg3YjhiZGQ5N2ZiODQ2N2M4MGM0MDk5YTkzNWE5Y2FiOTIzMGVmNGZiODdiMTM/bWFzdGVyfH.png||https://p1-ofp.static.pub/medias/bWFzdGVyfHJvb3R8NjQwNDd8aW1hZ2UvcG5nfGgyNS9oMzQvMTA5MzUyMzg1MjQ5NTgucG5nfGI4NDcyMjFkY2U4YzYyMjViNzgxNWNiN2FkYjBlYTUyMmViNmE0ZTcwNzNlN2RiZDc1ODZlYjgwNWNmNWNmMjI/bWFzdGVyfH.png||https://p1-ofp.static.pub/medias/bWFzdGVyfHJvb3R8NTI4ODl8aW1hZ2UvcG5nfGhlZS9oZjIvMTA5MzUyMzg1OTA0OTQucG5nfDcyY2YzNTRjOTFkYTNiNDc3ZjAzYWE0OWU4MDMzNjQ1YzYyZjhiMWIwYmM5MTg4NWZjZDA0Y2Y3MjkyYzBkNWM/bWFzdGVyfH.png||https://p1-ofp.static.pub/medias/bWFzdGVyfHJvb3R8NTI5OTR8aW1hZ2UvcG5nfGgwZC9oOGEvMTA5MzUyMzg2NTYwMzAucG5nfGNhZTU5NTc3ZWIwNDJlZjJkYjYxNzNjODE1ZWY1MDVjZjU3OThiMjIzMTlhZjZiYjQ4MjMwMjAxNzZhZjU2OWI/bWFzdGVyfH.png||https://p1-ofp.static.pub/medias/bWFzdGVyfHJvb3R8NzQ4MTh8aW1hZ2UvcG5nfGhmYy9oMGQvMTA5MzUyMzg3MjE1NjYucG5nfDU1YTM3YTY5ZDg2YTdkYTFmODAxZTAxMWYxNzA2NzUxMDdlNTM4NDIzYmEyOWQxMjIwYTZiZWY2ODdhNGM5YzY/bWFzdGVyfH.png||https://p1-ofp.static.pub/medias/bWFzdGVyfHJvb3R8OTE1NDJ8aW1hZ2UvcG5nfGhhOS9oMDcvMTA5MzUyMzg3ODcxMDIucG5nfGQ1YmY2M2U1ZmM2ODE3NmZiOWYwMmU3NjBmZTExMmZkZjE2YTIwYzM3OTc2ZWQ3NzIzMTEyYzY3NGZmNDFiYmE/bWFzdGVyfH.png||https://p1-ofp.static.pub/medias/bWFzdGVyfHJvb3R8OTM4NDN8aW1hZ2UvcG5nfGhiYS9oODMvMTA5MzUyMzg4NTI2MzgucG5nfDhkMWY4OGFiNzcwZGI1NWMzODRlYzBhNjZmNTFmZThkMTZjMzVmNDlmZWI1YmM2MGFhNDJiODZjODBmOGM2YWI/bWFzdGVyfH.png||https://p1-ofp.static.pub/medias/bWFzdGVyfHJvb3R8MTE5NTMzfGltYWdlL3BuZ3xoZjAvaGE0LzEwOTM1MjM4OTE4MTc0LnBuZ3xhN2M3MDkxNzU2MDUzNGE1MGU4ZDI2MjlhODcwMTc0ZTFhMWU5NzUxYTJlN2E2ZGNmNmZkNTRiMWNlMjdiMWVl/bWFzdGVyfH.png||https://p1-ofp.static.pub/medias/bWFzdGVyfHJvb3R8ODg5NTR8aW1hZ2UvcG5nfGgzZC9oZTgvMTA5MzUyMzg5ODM3MTAucG5nfDVmZmRjM2RiYjBmZmRhN2U4YTFiNWY3NjJkNWE4NjQ5ZGQ0ZGIwNzg5MjhiY2QwMDkzYjY4Y2NiNjNlNDM0ZTg/bWFzdGVyfH.png,Home>Desktops and All-in-Ones>IdeaCentre>500 Series,"In Stock,",699.99,"AMD Ryzen™ 3 4300G Processor (3.80 GHz, up to 4.00 GHz Max Boost, 4 Cores, 8 Threads, 4 MB Cache)AMD Ryzen™ 7 4700G Processor (3.60 GHz, up to 4.40 GHz Max Boost, 8 Cores, 16 Threads, 8 MB Cache)",,,,
https://www.lenovo.com/us/en/p/laptops/yoga/yoga-2-in-1-series/Yoga-7i-Gen-7-(14-inch-Intel)/LEN101Y0012,Yoga 7i (14” Intel) 2 in 1 Laptop,"Designed on the Intel® Evo™ platformExperience peak performance & responsiveness in any mode on the newest generation of Yoga 7Enjoy ultra-vivid picture quality & immersive visuals with up to a 2.2K touchscreen displayDolby Vision™ provides vivid, realistic color while Dolby Atmos® streams sound from four symmetrical speakersFeatures Thunderbolt™ 4, a MicroSD slot, and HDMI so you can keep your visuals and technology connected",https://p4-ofp.static.pub/ShareResource/na/subseries/gallery/lenovo-yoga-7i-gen7-14inch.png||https://p3-ofp.static.pub/ShareResource/na/subseries/hero/lenovo-yoga-7i-14inch-gen7.png||https://p3-ofp.static.pub/fes/cms/2021/12/17/9pvviw8ogdzujgmnrodh2vkeok48z3058152.png||https://p4-ofp.static.pub/fes/cms/2021/12/17/a8vjzicmij9ir4jv39pxhlu204tztl370621.png||https://p4-ofp.static.pub/fes/cms/2021/12/17/lut5zozhdxeaaehob0rdfmw4bq28fu705470.png||https:https://p4-ofp.static.pub/ShareResource/na/subseries/gallery/lenovo-yoga-7i-14inch-01.png||https://p4-ofp.static.pub/fes/cms/2021/12/17/90zicfqpn0hoprhtx6szv4b05l02r2605550.png||https:https://p1-ofp.static.pub/ShareResource/na/subseries/gallery/lenovo-yoga-7i-14inch-02.png||https:https://p2-ofp.static.pub/ShareResource/na/subseries/gallery/lenovo-yoga-7i-14inch-03.png||https://p2-ofp.static.pub/fes/cms/2021/12/17/72zc9mbz80hcob8ikg26u11p0w5t8n333908.png||https:https://p2-ofp.static.pub/ShareResource/na/subseries/gallery/lenovo-yoga-7i-14inch-04.png||https://p2-ofp.static.pub/ShareResource/na/subseries/gallery/lenovo-yoga-mcfee-trial-sponsorship.png,Home>Laptops>Yoga>2-in-1 Series,"In Stock,",999.99,"12th Generation Intel® Core™ i5-1235U Processor (E-Core Max 3.30 GHz, P-Core Max 4.40 GHz with Turbo Boost, 10 Cores, 12 Threads, 12 MB Cache)12th Generation Intel® Core™ i7-1255U Processor (E-Core Max 3.50 GHz, P-Core Max 4.70 GHz with Turbo Boost, 10 Cores, 12 Threads, 12 MB Cache)",,,,
https://www.lenovo.com/us/en/p/laptops/yoga/yoga-2-in-1-series/Yoga-9-14ITL5/88YGC901455,Yoga 9i (14” Intel) 2 in 1 Laptop,"Designed on Intel® Evo™ platform that provides enhanced performance & responsiveness14 inch display, up to UHD optimized with Dolby Vision™Combined with all-new Iris® Xe graphics that far exceed the usual integrated experienceContemporary 2 in 1 design includes garaged pen & rotating soundbarPlay over 100 high-quality PC games with your new Yoga laptop and 3 free months of Xbox Game Pass",https://p1-ofp.static.pub/ShareResource/na/subseries/hero/lenovo-yoga-9i-14inch-gen6.png||https://p4-ofp.static.pub/ShareResource/na/subseries/gallery/lenovo-yoga-9i-14inch-gen6.png||https:https://p1-ofp.static.pub/ShareResource/na/subseries/gallery/lenovo-yoga-9i-14-inch-win-11-01.png||https:https://p2-ofp.static.pub/ShareResource/na/subseries/gallery/lenovo-yoga-9i-14-inch-win-11-02.png||https://p2-ofp.static.pub/fes/cms/2021/11/14/a7r33cq0e13ekav0cghrlc36714few508034.png||https://p1-ofp.static.pub/medias/bWFzdGVyfHJvb3R8MTM5MDIzfGltYWdlL2pwZ3xoMWQvaDNjLzExMDAwMTczMjk3Njk0LmpwZ3wzZGJkOGVmYTk5OWQ4ZWYwOWY0MzRkOTEwMTAzNDRmOWQ5OTk2YTQwZWZkODdjZjE1YjI1ZWQxNzNjMzg5MmEw/lenovo-laptop-yoga-9i-14-subseries-gallery-4.jpg||https://p1-ofp.static.pub/medias/bWFzdGVyfHJvb3R8MTM3MDgzfGltYWdlL2pwZ3xoMzgvaDRkLzExMDAwMTczNTU5ODM4LmpwZ3wzZTZhMWI0ZDFhYmE2MjU0OTMyOGM4NDhiZjk4YTYzMWYyZjdlNjhkOWYxZjJkN2I4ZjliM2E2M2EzYmNhOTc5/lenovo-laptop-yoga-9i-14-subseries-gallery-5.jpg||https://p1-ofp.static.pub/medias/bWFzdGVyfHJvb3R8NDkxNzR8aW1hZ2UvanBnfGg3Yy9oZDEvMTEwMDAxNzM5NTMwNTQuanBnfDMyOTEyMGYxZmU4ZmZkOTg2ZTFmNmIwZWJlNTMwNjc4MjgxY2Y5YTk3YThhMWNhNmJjMjkwZDJkODRhOWY5NGM/lenovo-laptop-yoga-9i-14-subseries-gallery-6.jpg||https://p4-ofp.static.pub/fes/cms/2021/11/14/gmpqfzdp2u4fhjgzjjuc085egslc7m664858.png||https://p2-ofp.static.pub/fes/cms/2021/11/14/jplkgkfi8yvu8kammdk5fro9nq8n40001433.png,Home>Laptops>Yoga>2-in-1 Series,"In Stock,",1319.99,"11th Generation Intel® Core™ i5-1155G7 Processor (2.50 GHz, up to 4.50 GHz with Turbo Boost, 4 Cores, 8 Threads, 8 MB Cache)11th Generation Intel® Core™ i7-1185G7 Processor (3.00 GHz, up to 4.80 GHz with Turbo Boost, 4 Cores, 8 Threads, 12 MB Cache)11th Generation Intel® Core™ i7-1195G7 Processor (2.90 GHz, up to 5.00 GHz with Turbo Boost, 4 Cores, 8 Threads, 12 MB Cache)",,,,
https://www.lenovo.com/us/en/p/laptops/thinkpad/thinkpadx1/X1-Yoga-G6/22TP2X1X1Y6,ThinkPad X1 Yoga Gen 6 | 2 in 1 Business Laptop,"14 redesigned 6th generation, 2-in-1 business laptopDesigned on Intel® Evo™ vPro® platformImpressive 16:10 displayWider TouchPadLarger battery for more time unpluggedA super-responsive device for entertainment, teleconferencing, note taking & sketchingNew Storm Gray chassis with tone-matched keyboardEquipped with a built-in garaged penPerfect for business and creative professionals alike",https://p1-ofp.static.pub/fes/cms/2022/03/16/v4dwxvugc90n6gf9oj2tddwevhiwsb899818.png||https://p2-ofp.static.pub/fes/cms/2022/03/16/te0f46qyrb1r0uh9tvu2ofhiwdxwwn224817.png||https://p2-ofp.static.pub/fes/cms/2022/03/16/53ggu2bit67c64jzwh9bbogfpa2n0w242357.png||https://p1-ofp.static.pub/fes/cms/2022/03/16/akkynp2ghxqiyoc9bkyppdeautnpbn945513.png||https://p2-ofp.static.pub/fes/cms/2022/03/16/3vx9z9q5hp4m923unggnwth2k7kj1k898079.png||https://p3-ofp.static.pub/fes/cms/2022/03/16/5lja5m8e0mgw41k3yn7f58ax9usdf8594838.png||https://p3-ofp.static.pub/fes/cms/2022/03/16/5bvymxrx7wpkd3dqjs4hkpmq1llbwe572389.png||https://p3-ofp.static.pub/fes/cms/2022/03/16/9yaj9o3fp9hgw5ggj1iba0d3hyisvl010821.png||https://p3-ofp.static.pub/fes/cms/2022/03/16/mowriqvqzuzhmi0077igncl9wu41fe494387.png||https://p3-ofp.static.pub/fes/cms/2022/03/16/uoj1a06qn1dprtqf4y0qrdhmhjb15m804347.png,Home>Laptops>ThinkPad>X1 Series,"In Stock,",1515.78,"11th Generation Intel® Core™ i5-1135G7 Processor (2.40 GHz, up to 4.20 GHz with Turbo Boost, 4 Cores, 8 Threads, 8 MB Cache)11th Generation Intel® Core™ i7-1165G7 Processor (2.80 GHz, up to 4.70 GHz with Turbo Boost, 4 Cores, 8 Threads, 12 MB Cache)11th Generation Intel® Core™ i7-1185G7 Processor with vPro® (3.00 GHz, up to 4.80 GHz with Turbo Boost, 4 Cores, 8 Threads, 12 MB Cache)",,,,
https://www.lenovo.com/us/en/p/laptops/yoga/yoga-2-in-1-series/Yoga-6-Gen-7-(13-inch-AMD)/LEN101Y0014,Yoga 6 (13” AMD) 2 in 1 Laptop,"Thin & light design with touchscreen that brings entertainment to life in multiple modesPortable companion with lightning-fast responsiveness & efficient battery lifeEco-friendly - Energy Star® and EPEAT® Silver certified & made from recycled aluminumStay fully immersed in your entertainment or projects with premium visuals & sound from Dolby Vision™ & Dolby Atmos®Log in securately with an FHD infrared camera, create mind-blowing content with an optional digital pen (not included)",https://p2-ofp.static.pub/ShareResource/na/subseries/hero/lenovo-yoga-6-13inch-amd-fabric-cover.png||https://p4-ofp.static.pub/ShareResource/na/subseries/gallery/lenovo-yoga-6-gen-7-amd-02.png||https://p1-ofp.static.pub/ShareResource/na/subseries/gallery/lenovo-yoga-6-gen-7-amd-01.png||https://p3-ofp.static.pub/ShareResource/na/subseries/gallery/lenovo-yoga-6-gen-7-amd-03.png||https://p2-ofp.static.pub/ShareResource/na/subseries/gallery/lenovo-yoga-6-gen-7-amd-05.png||https://p3-ofp.static.pub/ShareResource/na/products/yoga/1060x596/lenovo-yoga-6-13-inch-amd-fabric-cover-06.png ,Home>Laptops>Yoga>2-in-1 Series,"In Stock,",749.99,"AMD Ryzen™ 5 5500U Processor (2.10 GHz, up to 4.00 GHz Max Boost, 6 Cores, 12 Threads, 8 MB Cache)AMD Ryzen™ 7 5700U Processor (1.80 GHz, up to 4.30 GHz Max Boost, 8 Cores, 16 Threads, 8 MB Cache)",,,,
https://www.lenovo.com/us/en/p/laptops/ideapad/ideapad-flex-series/IdeaPad-Flex-5i-Gen-7-(14-inch-Intel)/LEN101I0039,IdeaPad Flex 5i (14” Intel) 2 in 1 Laptop,"Versatile 14"" 2-in-1 laptop that you can use in four different waysMultitask seamlessly with cutting-edge Intel® Core™ processing Ample super quick memory & storage, plus a fast-charging batteryEnjoy lightning-quick Intel® Thunderbolt™ 4.0 & PCIe SSD storage technology",https://p4-ofp.static.pub/ShareResource/na/subseries/hero/lenovo-ideapad-flex-5i-gen-7.png||https:https://p1-ofp.static.pub/ShareResource/na/products/ideapad/560x450/lenovo-ideapad-flex-5i-14-intel-stone-blue.png||https://p4-ofp.static.pub/fes/cms/2022/02/07/hxh75nw6j2mps6m8hhkkucj9ow6su7492946.png||https://p3-ofp.static.pub/ShareResource/na/subseries/gallery/lenovo-ideapad-flex-5i-gen-7-04.png||https://p2-ofp.static.pub/ShareResource/na/subseries/gallery/lenovo-ideapad-flex-5i-gen-7-02.png||https://p4-ofp.static.pub/ShareResource/na/subseries/gallery/lenovo-ideapad-flex-5i-gen-7-03.png||https://p4-ofp.static.pub/ShareResource/na/subseries/gallery/lenovo-ideapad-flex-5i-gen-7-01.png||https://p3-ofp.static.pub/ShareResource/na/subseries/gallery/lenovo-ideapad-flex-5i-gen-7-05.png||https://p2-ofp.static.pub/ShareResource/na/subseries/gallery/lenovo-ideapad-flex-5i-gen-7-06.png||https://p3-ofp.static.pub/fes/cms/2022/02/07/u1bkk2hiy1xpdzu50m98ej9iwuo58f016367.png,Home>Laptops>IdeaPad>Flex Series,"In Stock,",749.99,"12th Generation Intel® Core™ i5-1235U Processor (E-Core Max 3.30 GHz, P-Core Max 4.40 GHz with Turbo Boost, 10 Cores, 12 Threads, 12 MB Cache)12th Generation Intel® Core™ i7-1255U Processor (E-Core Max 3.50 GHz, P-Core Max 4.70 GHz with Turbo Boost, 10 Cores, 12 Threads, 12 MB Cache)12th Generation Intel® Core™ i3-1215U Processor (E-Core Max 3.30 GHz, P-Core Max 4.40 GHz with Turbo Boost, 6 Cores, 8 Threads, 10 MB Cache)",,,,
https://www.lenovo.com/us/en/p/laptops/yoga/yoga-2-in-1-series/Yoga-7i-(15)/88YGC701457,Yoga 7i (15” Intel) 2 in 1 Laptop,"Designed on Intel® Evo™ platform that provides enhanced performance & responsiveness15.6 inch FHD display with Dolby Vision™ and Intel® Iris® Xe graphics, your visuals will pop.Modern 2 in 1 laptop crafted from sandblasted and anodized metalIncredible battery life, thanks to Intelligent Cooling optimizationPlay over 100 high-quality PC games with your new Yoga laptop and 3 free months of Xbox Game Pass",https://p2-ofp.static.pub/fes/cms/2022/03/16/n9p917hnlg00xzre6zo6stc4ahaehg099985.png||https://p1-ofp.static.pub/fes/cms/2022/03/16/dq1sfpwuasallx1sbilf0h9fjtiyap642240.png||https://p3-ofp.static.pub/fes/cms/2021/11/14/35kb983s3pnojjkfjd3bqs3q0ggy99120282.png||https://p3-ofp.static.pub/fes/cms/2021/11/14/3d3b8zwrh7vul47gtsob7xzig0bzzs982788.png||https://p1-ofp.static.pub/medias/bWFzdGVyfHJvb3R8OTk3Mzl8aW1hZ2UvanBlZ3xoNWUvaDk0LzExMDQwMTU3NTY0OTU4LmpwZ3xlZGY4YTFiMmE2ZDU2NzdiZTdmMDkxYjI2MmNkMTg2YWVmN2NjZDI1YTRkODQwODNkNzg2YTQ3MmE1ZDI2NDA5/lenovo-laptops-yoga-yoga-c-series-7i-15.6-subseries-gallery-3.jpg||https://p1-ofp.static.pub/medias/bWFzdGVyfHJvb3R8Mjg4OTYyfGltYWdlL2pwZWd8aDM2L2hiZS8xMTAyMjgwODYxMjg5NC5qcGd8YWY5ZDhiYzhmNmU2OGYwMDUyMzRhNGRlMDkzNDRiODNjN2Q5MTI5MmRmODZhMDMxMWY2NzVmNDJhMjMyYzQxYg/lenovo-laptops-yoga-yoga-c-series-7i-15.6-subseries-gallery-4.jpg||https://p4-ofp.static.pub/fes/cms/2021/11/14/aixqyx1duuh7igibqozbqxwcovuehs394322.png||https://p1-ofp.static.pub/fes/cms/2021/11/14/wv7phzs40jxkyx2gxr73jv1fs4f8w1869728.png||https://p1-ofp.static.pub/medias/bWFzdGVyfHJvb3R8MjAwMzg2fGltYWdlL2pwZWd8aGRjL2g2OS8xMTA0MDE1MjY0OTc1OC5qcGd8YTBhNWEyYjM1NzBlYzEyNmZiNTQxN2Y1MmMyMTIwMTEyY2MxMWE2ZTNhYjU0Mzg4NTQ3YjdmMWFhNmJhMzdhYg/lenovo-laptops-yoga-yoga-c-series-7i-15.6-subseries-gallery-7.jpg||https://p1-ofp.static.pub/medias/bWFzdGVyfHJvb3R8MjAxODYxfGltYWdlL2pwZWd8aDQxL2hlMC8xMTA0MDE1MjI4OTMxMC5qcGd8M2ZlMjM0MGVmZDA5M2VhZTNlNjg0ZDQzNTI1OWU4N2E0MTViMDQwOTUyNmY1NDY3YjU2YjAzYmEzMDM4YjkzYQ/lenovo-laptops-yoga-yoga-c-series-7i-15.6-subseries-gallery-8.jpg||https://p4-ofp.static.pub/fes/cms/2021/11/14/miblbcc15g5m083n8s4x6pv9lwinrn884590.png||https://p1-ofp.static.pub/medias/bWFzdGVyfHJvb3R8MTAyNjUwfGltYWdlL2pwZWd8aDA1L2hjOC8xMTA0MDE1MTYzMzk1MC5qcGd8N2VlNGQ5ODc0NzVhMWZhN2ViZmU3NTMyOWQxZGExZTgxZTA1YWRiMzVmODEzMWE0NzgwMWNmMzg5NWVlOThjMA/lenovo-laptops-yoga-yoga-c-series-7i-15.6-subseries-gallery-10.jpg,Home>Laptops>Yoga>2-in-1 Series,"In Stock,",799.99,"11th Generation Intel® Core™ i5-1135G7 Processor (2.40 GHz, up to 4.20 GHz with Turbo Boost, 4 Cores, 8 Threads, 8 MB Cache)11th Generation Intel® Core™ i7-1165G7 Processor (2.80 GHz, up to 4.70 GHz with Turbo Boost, 4 Cores, 8 Threads, 12 MB Cache)",,,,
https://www.lenovo.com/us/en/p/laptops/ideapad/ideapad-300/IdeaPad-3-Gen-7-(15-inch--AMD)/LEN101I0046,IdeaPad 3 (15” AMD) Laptop,"Powerful performance from the AMD Ryzen™ 5000 Series Mobile ProcessorsFHD IPS touchscreen display provides 88% active view ratioSecurity via a 2-in-1 fingerprint readerCrystal-clear HD 720p camera for video conferencingDurable battery life, up to 9 hours on a single chargeSuperb connectivity up to WiFi 6 and Bluetooth® 5.1Play over 100 high-quality PC games with your new IdeaPad laptop and 3 free months of Xbox Game Pass (select models)",https://p1-ofp.static.pub/fes/cms/2022/04/11/pbjw6q5qg1ayu6umbh4ohl9ntiqpz1446975.png||https://p4-ofp.static.pub/fes/cms/2022/04/11/vbgdwymvpawxu6whfvgftvfccwyica453185.jpg||https://p4-ofp.static.pub/fes/cms/2022/04/11/lwhvpa23n0vcpi5ht1aogit28j8jbc058994.jpg||https://p1-ofp.static.pub/fes/cms/2022/04/11/37t2hh5wtvemfhma3yv2sh7ga9t0jf820713.jpg||https://p1-ofp.static.pub/fes/cms/2022/04/11/ezv25ts4bdqy8da3gjoaey8pkpat28957248.jpg||https://p4-ofp.static.pub/fes/cms/2022/04/11/gx5i26wulo84ogfqru58ji0kgz165p837309.jpg||https://p4-ofp.static.pub/fes/cms/2022/04/11/6uq5vugo2hec17fgsde2go4m6jjyar898760.jpg,Home>Laptops>IdeaPad>IdeaPad 300 Series,"In Stock,",559.99,"AMD Ryzen™ 3 5425U Processor (2.70 GHz up to 4.10 GHz Max Boost, 4 Cores, 8 Threads, 8 MB Cache)AMD Ryzen™ 5 5625U Processor (2.30 GHz, up to 4.30 GHz Max Boost, 6 Cores, 12 Threads, 16 MB Cache)AMD Ryzen™ 7 5825U Processor (2.00 GHz, up to 4.50 GHz Max Boost, 8 Cores, 16 Threads, 16 MB Cache)",,,,
